Survived,PassengerId,AgeBand,IsChild,FamilySize,FareCabinInteraction,GenderEncoded,Pclass,FareSurplus,FareSurplusRatio,Embarked
0,1,3,0,2,0.0,0,3,-0.6041999999999996,-0.07692699447429396,0
1,2,4,0,2,4.2805931204649,1,1,36.0333,1.0222212765957446,1
1,3,3,0,1,0.0,1,3,0.0708000000000002,0.009014285350513126,0
1,4,3,0,2,3.3160025355989236,1,1,-8.7,-0.24680851063829784,0
0,5,3,0,1,0.0,0,3,0.19580000000000108,0.024929337169921965,0
0,6,3,0,1,0.0,0,3,0.6040999999999999,0.07691426243283847,2
0,7,4,0,1,3.967694202798607,0,1,16.612499999999997,0.4712765957446808,0
0,8,0,1,5,0.0,0,3,-2.58545,-0.3291805658119223,0
1,9,3,0,3,0.0,1,3,-4.1431,-0.5275012095439382,0
1,10,2,0,2,0.0,1,2,2.035399999999999,0.1565692307692307,1
1,11,0,1,3,2.2353763433005955,1,3,0.4958,0.06312546153650277,0
1,12,5,0,1,3.3160025355989236,1,1,-8.7,-0.24680851063829784,0
0,13,3,0,1,0.0,0,3,0.19580000000000108,0.024929337169921965,0
0,14,4,0,7,0.0,0,3,-3.386342857142857,-0.4311505763977053,0
0,15,2,0,1,0.0,1,3,0.0,0.0,0
1,16,4,0,1,0.0,1,2,3.0,0.23076923076923078,0
0,17,0,1,6,0.0,0,3,-2.0291999999999994,-0.2583585852155534,2
1,18,3,0,1,0.0,0,2,0.0,0.0,0
0,19,3,0,2,0.0,1,3,10.145800000000001,1.2917674619948565,0
1,20,3,0,1,0.0,1,3,-0.6292,-0.08011000483817575,1
0,21,3,0,1,0.0,0,2,0.0,0.0,0
1,22,3,0,1,2.6390573296152584,0,2,0.0,0.0,0
1,23,2,0,1,0.0,1,3,0.17499999999999982,0.022281072547172192,2
1,24,3,0,1,3.597312260588446,0,1,0.25,0.0070921985815602835,0
0,25,1,1,5,0.0,1,3,-2.58545,-0.3291805658119223,0
1,26,4,0,7,0.0,1,3,-0.007324999999999804,-0.0009326220366173263,0
0,27,3,0,1,0.0,0,3,-0.6292,-0.08011000483817575,1
0,28,3,0,6,4.200954297280359,0,1,30.5,0.8652482269503546,0
1,29,3,0,1,0.0,1,3,0.025000000000000355,0.00318301036388179,2
0,30,3,0,1,0.0,0,3,0.04160000000000075,0.005296529245499319,0
0,31,4,0,1,0.0,0,1,-7.5291999999999994,-0.21359432624113472,1
1,32,3,0,2,4.307577835214363,1,1,38.010400000000004,1.078309219858156,1
1,33,3,0,1,0.0,1,3,-0.10419999999999963,-0.013266787196659066,2
0,34,5,0,1,0.0,0,2,-2.5,-0.19230769230769232,0
0,35,3,0,2,0.0,0,1,5.8354,0.1655432624113475,1
0,36,4,0,2,0.0,0,1,-9.25,-0.2624113475177305,0
1,37,3,0,1,0.0,0,3,-0.625,-0.07957525909704362,1
0,38,3,0,1,0.0,0,3,0.19580000000000108,0.024929337169921965,0
0,39,2,0,3,0.0,1,3,1.1458000000000004,0.14588373099742818,0
1,40,2,0,2,0.0,1,3,-2.2333499999999997,-0.28435104784701176,1
0,41,4,0,2,0.0,1,3,1.6208,0.2063609279111813,0
0,42,3,0,2,0.0,1,2,-2.5,-0.19230769230769232,0
0,43,3,0,1,0.0,0,3,0.04160000000000075,0.005296529245499319,1
1,44,0,1,4,0.0,1,2,0.8597333333333328,0.0661333333333333,1
1,45,3,0,1,0.0,1,3,0.025000000000000355,0.00318301036388179,2
0,46,3,0,1,0.0,0,3,0.19580000000000108,0.024929337169921965,0
0,47,3,0,2,0.0,0,3,7.6458,0.9734664256066818,2
1,48,3,0,1,0.0,1,3,-0.10419999999999963,-0.013266787196659066,2
0,49,3,0,3,0.0,0,3,13.825000000000003,1.7602047312266054,1
0,50,2,0,2,0.0,1,3,1.0458000000000007,0.13315168954190124,0
0,51,1,1,6,0.0,0,3,-1.2396166666666666,-0.1578285078896217,0
0,52,3,0,1,0.0,0,3,-0.054199999999999804,-0.006900766468895598,0
1,53,4,0,2,3.280023603931663,1,1,-9.673599999999997,-0.27442836879432614,1
1,54,3,0,2,0.0,1,2,13.0,1.0,0
0,55,5,0,2,4.142804513146981,0,1,26.7292,0.7582751773049645,1
1,56,3,0,1,3.597312260588446,0,1,0.25,0.0070921985815602835,0
1,57,3,0,1,0.0,1,2,-2.5,-0.19230769230769232,0
0,58,3,0,1,0.0,0,3,-0.625,-0.07957525909704362,1
1,59,0,1,4,0.0,1,2,-3.75,-0.28846153846153844,0
0,60,1,1,8,0.0,0,3,-0.037533333333333196,-0.004778759559641109,0
0,61,3,0,1,0.0,0,3,-0.625,-0.07957525909704362,1
1,62,4,0,1,3.713572066704308,1,1,4.75,0.1347517730496454,0
0,63,4,0,2,3.75507675496542,0,1,6.487499999999997,0.1840425531914893,0
0,64,0,1,6,0.0,0,3,-3.2042,-0.4079600723179955,0
0,65,3,0,1,0.0,0,1,-7.5291999999999994,-0.21359432624113472,1
1,66,0,1,3,0.0,0,3,-0.23130000000000006,-0.02944921188663391,1
1,67,3,0,1,2.4423470353692043,1,2,-2.5,-0.19230769230769232,0
0,68,3,0,1,0.0,0,3,0.3041000000000009,0.038718138066257665,0
1,69,2,0,7,0.0,1,3,0.0708000000000002,0.009014285350513126,0
0,70,3,0,3,0.0,0,3,0.8083,0.10291309108502458,0
0,71,3,0,1,0.0,0,2,-2.5,-0.19230769230769232,0
0,72,2,0,8,0.0,1,3,-0.037533333333333196,-0.004778759559641109,0
0,73,3,0,1,0.0,0,2,1.6999999999999993,0.13076923076923072,0
0,74,3,0,2,0.0,0,3,6.6000000000000005,0.8403147360647807,1
1,75,3,0,1,0.0,0,3,0.21662857142857295,0.027581239518801783,0
0,76,3,0,1,2.157559320943788,0,3,-0.20419999999999927,-0.025998828652186,0
0,77,3,0,1,0.0,0,3,0.04160000000000075,0.005296529245499319,0
0,78,3,0,1,0.0,0,3,0.19580000000000108,0.024929337169921965,0
1,79,0,1,3,0.0,0,2,1.5,0.11538461538461539,0
1,80,3,0,1,0.0,1,3,-1.6166999999999998,-0.20583891421150466,0
0,81,3,0,1,0.0,0,3,1.1458000000000004,0.14588373099742818,0
1,82,3,0,1,0.0,0,3,1.6458000000000004,0.20954393827506307,0
1,83,3,0,1,0.0,1,3,-0.06669999999999998,-0.008492271650836493,2
0,84,3,0,1,0.0,0,1,11.850000000000001,0.3361702127659575,0
1,85,2,0,1,0.0,1,2,-2.5,-0.19230769230769232,0
1,86,3,0,4,0.0,1,3,0.0708000000000002,0.009014285350513126,0
0,87,2,0,5,0.0,0,3,0.7395500000000004,0.09415981258434983,0
0,88,3,0,1,0.0,0,3,0.19580000000000108,0.024929337169921965,0
1,89,3,0,6,4.200954297280359,1,1,30.5,0.8652482269503546,0
0,90,3,0,1,0.0,0,3,0.19580000000000108,0.024929337169921965,0
0,91,3,0,1,0.0,0,3,0.19580000000000108,0.024929337169921965,0
0,92,3,0,1,0.0,0,3,0.0,0.0,0
0,93,4,0,2,4.1299529896894684,0,1,25.924999999999997,0.7354609929078013,0
0,94,3,0,4,0.0,0,3,2.4333,0.309808764737338,0
0,95,5,0,1,0.0,0,3,-0.6041999999999996,-0.07692699447429396,0
0,96,3,0,1,0.0,0,3,0.19580000000000108,0.024929337169921965,0
0,97,5,0,1,3.57386695198272,0,1,-0.595799999999997,-0.016902127659574384,1
1,98,3,0,2,4.164465907853638,0,1,28.1083,0.7973985815602836,1
1,99,3,0,2,0.0,1,2,-1.5,-0.11538461538461539,0
0,100,3,0,2,0.0,0,2,0.0,0.0,0
0,101,3,0,1,0.0,1,3,0.04160000000000075,0.005296529245499319,0
0,102,3,0,1,0.0,0,3,0.04160000000000075,0.005296529245499319,0
0,103,3,0,2,3.6799333064000703,0,1,3.393749999999997,0.09627659574468077,0
0,104,3,0,1,0.0,0,3,0.7999999999999998,0.10185633164421581,0
0,105,4,0,3,0.0,0,3,0.0708000000000002,0.009014285350513126,0
0,106,3,0,1,0.0,0,3,0.04160000000000075,0.005296529245499319,0
1,107,3,0,1,0.0,1,3,-0.20419999999999927,-0.025998828652186,0
1,108,3,0,1,0.0,0,3,-0.07919999999999927,-0.010083776832777275,0
0,109,4,0,1,0.0,0,3,0.04160000000000075,0.005296529245499319,0
1,110,3,0,2,0.0,1,3,0.1957999999999993,0.02492933716992174,2
0,111,4,0,1,3.295836866004329,0,1,-9.25,-0.2624113475177305,0
0,112,2,0,2,0.0,1,3,-0.6270999999999995,-0.07984263196760963,1
0,113,3,0,1,0.0,0,3,0.19580000000000108,0.024929337169921965,0
0,114,3,0,2,0.0,1,3,1.9707999999999997,0.2509230730055257,0
0,115,2,0,1,0.0,1,3,-0.6250499999999999,-0.07958162511777138,1
0,116,3,0,1,0.0,0,3,0.0708000000000002,0.009014285350513126,0
0,117,5,0,1,0.0,0,3,-0.10419999999999963,-0.013266787196659066,2
0,118,3,0,2,0.0,0,2,-2.5,-0.19230769230769232,0
0,119,3,0,2,4.826395097890282,0,1,88.5104,2.5109333333333335,1
0,120,0,1,7,0.0,1,3,-3.386342857142857,-0.4311505763977053,0
0,121,3,0,3,0.0,0,2,1.6999999999999993,0.13076923076923072,0
0,122,3,0,1,0.0,0,3,0.19580000000000108,0.024929337169921965,0
0,123,3,0,2,0.0,0,2,2.035399999999999,0.1565692307692307,1
1,124,3,0,1,2.6390573296152584,1,2,0.0,0.0,0
0,125,4,0,2,3.6799333064000703,0,1,3.393749999999997,0.09627659574468077,0
1,126,1,1,2,0.0,0,3,-2.2333499999999997,-0.28435104784701176,1
0,127,3,0,1,0.0,0,3,-0.10419999999999963,-0.013266787196659066,2
1,128,3,0,1,0.0,0,3,-0.7124999999999995,-0.09071579537062967,0
1,129,3,0,3,2.4997254733112535,1,3,3.3249500000000003,0.42333401237554436,1
0,130,4,0,1,0.0,0,3,-0.8792,-0.1119401084769932,0
0,131,3,0,1,0.0,0,3,0.04160000000000075,0.005296529245499319,1
0,132,3,0,1,0.0,0,3,-0.8041999999999998,-0.10239107738534795,0
0,133,4,0,2,0.0,1,3,6.6458,0.8461460110514121,0
1,134,3,0,2,0.0,1,2,13.0,1.0,0
0,135,3,0,1,0.0,0,2,0.0,0.0,0
0,136,3,0,1,0.0,0,2,2.0458,0.15736923076923076,1
1,137,3,0,3,3.3062747934011893,1,1,-8.9667,-0.2543744680851064,0
0,138,4,0,2,3.3160025355989236,0,1,-8.7,-0.24680851063829784,0
0,139,2,0,1,0.0,0,3,-3.24585,-0.4132629675842225,0
0,140,3,0,1,3.703768066607687,0,1,4.350000000000001,0.12340425531914898,1
0,141,3,0,3,0.0,1,3,-0.23130000000000006,-0.02944921188663391,1
1,142,3,0,1,0.0,1,3,-0.10419999999999963,-0.013266787196659066,0
1,143,3,0,2,0.0,1,3,0.0708000000000002,0.009014285350513126,0
0,144,3,0,1,0.0,0,3,-1.1041999999999996,-0.14058720175192888,2
0,145,2,0,1,0.0,0,2,-1.5,-0.11538461538461539,0
0,146,3,0,3,0.0,0,2,5.375,0.41346153846153844,0
1,147,3,0,1,0.0,0,3,-0.058399999999999785,-0.007435512210027729,0
0,148,1,1,5,0.0,1,3,0.7395500000000004,0.09415981258434983,0
0,149,4,0,3,2.268683541318364,0,2,-4.333333333333334,-0.33333333333333337,0
0,150,4,0,1,0.0,0,2,0.0,0.0,0
0,151,4,0,1,0.0,0,2,-0.47499999999999964,-0.03653846153846151,0
1,152,3,0,2,3.535145354171894,1,1,-1.9500000000000028,-0.05531914893617029,0
0,153,5,0,1,0.0,0,3,0.19580000000000108,0.024929337169921965,0
0,154,4,0,3,0.0,0,3,6.6458,0.8461460110514121,0
0,155,3,0,1,0.0,0,3,-0.5416999999999996,-0.0689694685645896,0
0,156,4,0,2,0.0,0,1,26.129199999999997,0.7412539007092198,1
1,157,2,0,1,0.0,1,3,-0.12089999999999979,-0.015393038119732092,2
0,158,3,0,1,0.0,0,3,0.19580000000000108,0.024929337169921965,0
0,159,3,0,1,0.0,0,3,0.8083,0.10291309108502458,0
0,160,0,1,11,0.0,0,3,2.0815142857142854,0.2650192617598591,0
0,161,4,0,2,0.0,0,3,8.245800000000003,1.0498586743398441,0
1,162,4,0,1,0.0,1,2,2.75,0.21153846153846154,0
0,163,3,0,1,0.0,0,3,-0.07919999999999927,-0.010083776832777275,0
0,164,2,0,1,0.0,0,3,0.8083,0.10291309108502458,0
0,165,0,1,6,0.0,0,3,-1.2396166666666666,-0.1578285078896217,0
1,166,1,1,3,0.0,0,3,-1.0125333333333337,-0.12891616375102924,0
1,167,3,0,2,3.349904087274605,1,1,-7.75,-0.2198581560283688,0
0,168,4,0,6,0.0,1,3,-3.2042,-0.4079600723179955,0
0,169,3,0,1,0.0,0,1,-9.325,-0.2645390070921986,0
0,170,3,0,1,0.0,0,3,0.21662857142857295,0.027581239518801783,0
0,171,5,0,1,3.5409593240373143,0,1,-1.75,-0.04964539007092199,0
0,172,0,1,6,0.0,0,3,-2.0291999999999994,-0.2583585852155534,2
1,173,0,1,3,0.0,1,3,-4.1431,-0.5275012095439382,0
0,174,3,0,1,0.0,0,3,0.0708000000000002,0.009014285350513126,0
0,175,5,0,1,3.4561841799918147,0,1,-4.554200000000002,-0.12919716312056742,1
0,176,2,0,3,0.0,0,3,0.0,0.0,0
0,177,0,1,5,0.0,0,3,-1.4875249999999998,-0.18939229966132767,0
0,178,4,0,1,3.391567832686312,1,1,-6.537500000000001,-0.18546099290780146,1
0,179,3,0,1,0.0,0,2,0.0,0.0,0
0,180,4,0,1,0.0,0,3,-7.8542,-1.0,0
0,181,3,0,11,0.0,1,3,2.0815142857142854,0.2650192617598591,0
0,182,3,0,1,0.0,0,2,2.0500000000000007,0.15769230769230774,1
0,183,1,1,7,0.0,0,3,-0.007324999999999804,-0.0009326220366173263,0
1,184,0,1,4,3.0204248861443626,0,2,6.5,0.5,0
1,185,0,1,3,0.0,1,3,14.1708,1.8042321305798172,0
0,186,3,0,1,3.9318256327243257,0,1,14.75,0.41843971631205673,0
1,187,3,0,2,0.0,1,3,-0.10419999999999963,-0.013266787196659066,2
1,188,4,0,1,0.0,0,1,-8.7,-0.24680851063829784,0
0,189,4,0,3,0.0,0,3,-0.10419999999999963,-0.013266787196659066,2
0,190,4,0,1,0.0,0,3,0.04160000000000075,0.005296529245499319,0
1,191,3,0,1,0.0,1,2,0.0,0.0,0
0,192,3,0,1,0.0,0,2,0.0,0.0,0
1,193,3,0,2,0.0,1,3,0.0,0.0,0
1,194,0,1,3,2.268683541318364,0,2,-4.333333333333334,-0.33333333333333337,0
1,195,4,0,1,3.357621598945279,1,1,-7.5291999999999994,-0.21359432624113472,1
1,196,5,0,1,4.307577835214363,1,1,38.010400000000004,1.078309219858156,1
0,197,3,0,1,0.0,0,3,-0.10419999999999963,-0.013266787196659066,2
0,198,4,0,2,0.0,0,3,0.5499999999999998,0.07002622800539837,0
1,199,3,0,1,0.0,1,3,-0.10419999999999963,-0.013266787196659066,2
0,200,3,0,1,0.0,1,2,0.0,0.0,0
0,201,3,0,1,0.0,0,3,1.6458000000000004,0.20954393827506307,0
0,202,3,0,11,0.0,0,3,2.0815142857142854,0.2650192617598591,0
0,203,3,0,1,0.0,0,3,-1.3583999999999996,-0.17295205113187845,0
0,204,4,0,1,0.0,0,3,-0.6292,-0.08011000483817575,1
1,205,2,0,1,0.0,0,3,0.19580000000000108,0.024929337169921965,0
0,206,0,1,2,1.8295769547280114,1,3,-2.6229499999999994,-0.3339550813577448,0
0,207,3,0,2,0.0,0,3,0.0708000000000002,0.009014285350513126,0
1,208,3,0,1,0.0,0,3,1.539550000000001,0.19601614422856575,1
1,209,2,0,1,0.0,1,3,-0.10419999999999963,-0.013266787196659066,2
1,210,4,0,1,3.4657359027997265,0,1,-4.25,-0.12056737588652482,1
0,211,3,0,1,0.0,0,3,-0.8041999999999998,-0.10239107738534795,0
1,212,3,0,1,0.0,1,2,8.0,0.6153846153846154,0
0,213,3,0,1,0.0,0,3,-0.6041999999999996,-0.07692699447429396,0
0,214,3,0,1,0.0,0,2,0.0,0.0,0
0,215,3,0,2,0.0,0,3,-0.10419999999999963,-0.013266787196659066,2
1,216,3,0,2,3.657345786442051,1,1,2.508333333333333,0.07115839243498817,1
1,217,3,0,1,0.0,1,3,0.0708000000000002,0.009014285350513126,0
0,218,4,0,2,0.0,0,2,0.5,0.038461538461538464,0
1,219,3,0,1,4.347586575960343,1,1,41.041700000000006,1.164303546099291,1
0,220,3,0,1,0.0,0,2,-2.5,-0.19230769230769232,0
1,221,2,0,1,0.0,0,3,0.19580000000000108,0.024929337169921965,0
0,222,3,0,1,0.0,0,2,0.0,0.0,0
0,223,4,0,1,0.0,0,3,0.19580000000000108,0.024929337169921965,0
0,224,3,0,1,0.0,0,3,0.04160000000000075,0.005296529245499319,0
1,225,4,0,2,3.828641396489095,0,1,9.75,0.2765957446808511,0
0,226,3,0,1,0.0,0,3,1.4958,0.19044587609177258,0
1,227,3,0,1,0.0,0,2,-2.5,-0.19230769230769232,0
0,228,3,0,1,0.0,0,3,-0.6041999999999996,-0.07692699447429396,0
0,229,2,0,1,0.0,0,2,0.0,0.0,0
0,230,3,0,5,0.0,1,3,-1.4875249999999998,-0.18939229966132767,0
1,231,3,0,2,3.75507675496542,1,1,6.487499999999997,0.1840425531914893,0
0,232,3,0,1,0.0,0,3,-0.07919999999999927,-0.010083776832777275,0
0,233,5,0,1,0.0,0,2,0.5,0.038461538461538464,0
1,234,0,1,7,0.0,1,3,-0.007324999999999804,-0.0009326220366173263,0
0,235,3,0,1,0.0,0,2,-2.5,-0.19230769230769232,0
0,236,3,0,1,0.0,1,3,-0.3041999999999998,-0.03873087010771305,0
0,237,4,0,2,0.0,0,2,13.0,1.0,0
1,238,1,1,3,0.0,1,2,-4.25,-0.3269230769230769,0
0,239,3,0,1,0.0,0,2,-2.5,-0.19230769230769232,0
0,240,3,0,1,0.0,0,2,-0.7249999999999996,-0.055769230769230745,0
0,241,3,0,2,0.0,1,3,-0.6270999999999995,-0.07984263196760963,1
1,242,3,0,2,0.0,1,3,-0.10419999999999963,-0.013266787196659066,2
0,243,3,0,1,0.0,0,2,-2.5,-0.19230769230769232,0
0,244,3,0,1,0.0,0,3,-0.7291999999999996,-0.09284204629370268,0
0,245,3,0,1,0.0,0,3,-0.6292,-0.08011000483817575,1
0,246,4,0,3,3.828641396489095,0,1,9.75,0.2765957446808511,2
0,247,3,0,1,0.0,1,3,-0.07919999999999927,-0.010083776832777275,0
1,248,3,0,3,0.0,1,2,-5.75,-0.4423076923076923,0
1,249,4,0,3,3.306047522339149,0,1,-8.9729,-0.25455035460992903,0
0,250,4,0,2,0.0,0,2,0.0,0.0,0
0,251,3,0,1,0.0,0,3,-0.6041999999999996,-0.07692699447429396,0
0,252,3,0,3,1.8295769547280114,1,3,-2.6229499999999994,-0.3339550813577448,0
0,253,5,0,1,3.3160025355989236,0,1,-8.7,-0.24680851063829784,0
0,254,3,0,2,0.0,0,3,0.19580000000000108,0.024929337169921965,0
0,255,4,0,3,0.0,1,3,2.2520499999999997,0.2867319395991953,0
1,256,3,0,3,0.0,1,3,7.3915999999999995,0.9411015762267322,1
1,257,3,0,1,0.0,1,1,43.95,1.246808510638298,1
1,258,3,0,1,3.3956263366127,1,1,-6.416666666666668,-0.182033096926714,0
1,259,3,0,1,0.0,1,1,135.5264,3.8447205673758864,1
1,260,4,0,2,0.0,1,2,0.0,0.0,0
0,261,3,0,1,0.0,0,3,-0.10419999999999963,-0.013266787196659066,2
1,262,0,1,7,0.0,0,3,-0.007324999999999804,-0.0009326220366173263,0
0,263,4,0,3,3.3160025355989236,0,1,-8.7,-0.24680851063829784,0
0,264,4,0,1,0.0,0,1,-35.25,-1.0,0
0,265,3,0,1,0.0,1,3,-0.10419999999999963,-0.013266787196659066,2
0,266,4,0,1,0.0,0,2,-2.5,-0.19230769230769232,0
0,267,2,0,6,0.0,0,3,-1.2396166666666666,-0.1578285078896217,0
1,268,3,0,2,0.0,0,3,-0.07919999999999927,-0.010083776832777275,0
1,269,5,0,2,3.9542040759860324,1,1,15.904166666666669,0.4511820330969268,0
1,270,3,0,1,3.8332200289702034,1,1,9.961099999999995,0.2825843971631204,0
0,271,3,0,1,0.0,0,1,-19.75,-0.5602836879432624,0
1,272,3,0,1,0.0,0,3,-7.8542,-1.0,0
1,273,4,0,2,0.0,1,2,-3.25,-0.25,0
0,274,4,0,2,3.4242626545931514,0,1,-5.550000000000001,-0.15744680851063833,1
1,275,3,0,1,0.0,1,3,-0.10419999999999963,-0.013266787196659066,2
1,276,5,0,2,3.2953219186268687,1,1,-9.263900000000003,-0.2628056737588653,0
0,277,4,0,1,0.0,1,3,-0.10419999999999963,-0.013266787196659066,0
0,278,3,0,1,0.0,0,2,-13.0,-1.0,0
0,279,1,1,6,0.0,0,3,-2.0291999999999994,-0.2583585852155534,2
1,280,3,0,3,0.0,1,3,2.2708000000000004,0.28911919737210673,0
0,281,5,0,1,0.0,0,3,-0.10419999999999963,-0.013266787196659066,2
0,282,3,0,1,0.0,0,3,0.0,0.0,0
0,283,2,0,1,0.0,0,3,1.6458000000000004,0.20954393827506307,0
1,284,3,0,1,0.0,0,3,0.19580000000000108,0.024929337169921965,0
0,285,3,0,1,3.295836866004329,0,1,-9.25,-0.2624113475177305,0
0,286,3,0,1,0.0,0,3,0.8083,0.10291309108502458,1
1,287,3,0,1,0.0,0,3,1.6458000000000004,0.20954393827506307,0
0,288,3,0,1,0.0,0,3,0.04160000000000075,0.005296529245499319,0
1,289,4,0,1,0.0,0,2,0.0,0.0,0
1,290,3,0,1,0.0,1,3,-0.10419999999999963,-0.013266787196659066,2
1,291,3,0,1,0.0,1,1,4.174999999999997,0.11843971631205666,0
1,292,3,0,2,3.8403035630800124,1,1,10.2896,0.29190354609929076,1
0,293,4,0,1,2.630088659632498,0,2,-0.125,-0.009615384615384616,1
0,294,3,0,1,0.0,1,3,0.9958,0.12678566881413766,0
0,295,3,0,1,0.0,0,3,0.04160000000000075,0.005296529245499319,0
0,296,3,0,1,0.0,0,1,-7.5291999999999994,-0.21359432624113472,1
0,297,3,0,1,0.0,0,3,-0.625,-0.07957525909704362,1
0,298,0,1,4,3.6606728622237554,1,1,2.637500000000003,0.07482269503546107,0
1,299,3,0,1,3.449987545831587,0,1,-4.75,-0.1347517730496454,0
1,300,4,0,2,4.826395097890282,1,1,88.5104,2.5109333333333335,1
1,301,3,0,1,0.0,1,3,-0.10419999999999963,-0.013266787196659066,2
1,302,3,0,3,0.0,0,3,3.7708000000000004,0.4800998192050114,2
0,303,3,0,1,0.0,0,3,-7.8542,-1.0,0
1,304,3,0,1,2.5915163848462583,1,2,-0.6500000000000004,-0.05000000000000003,2
0,305,3,0,1,0.0,0,3,0.19580000000000108,0.024929337169921965,0
1,306,0,1,4,3.6606728622237554,0,1,2.637500000000003,0.07482269503546107,0
1,307,3,0,1,0.0,1,1,-7.529174999999999,-0.21359361702127655,1
1,308,2,0,2,4.015481713796376,1,1,19.200000000000003,0.5446808510638299,1
0,309,3,0,2,0.0,0,2,-1.0,-0.07692307692307693,1
1,310,3,0,1,3.383189542769255,1,1,-6.785399999999999,-0.19249361702127657,1
1,311,3,0,1,3.7513646968424084,1,1,6.3291499999999985,0.17955035460992905,1
1,312,2,0,5,4.884221369240597,1,1,95.9375,2.721631205673759,1
0,313,3,0,3,0.0,1,2,13.0,1.0,0
0,314,3,0,1,0.0,0,3,0.04160000000000075,0.005296529245499319,0
0,315,4,0,3,0.0,0,2,-4.25,-0.3269230769230769,0
1,316,3,0,1,0.0,1,3,0.0,0.0,0
1,317,3,0,2,0.0,1,2,0.0,0.0,0
0,318,4,0,1,0.0,0,2,1.0,0.07692307692307693,0
1,319,3,0,3,4.4240481095298865,1,1,47.183350000000004,1.3385347517730497,0
1,320,4,0,3,4.223177434065069,1,1,32.0,0.9078014184397163,1
0,321,3,0,1,0.0,0,3,-0.6041999999999996,-0.07692699447429396,0
0,322,3,0,1,0.0,0,3,0.04160000000000075,0.005296529245499319,0
1,323,3,0,1,0.0,1,2,-0.6500000000000004,-0.05000000000000003,2
1,324,3,0,3,0.0,1,2,1.5,0.11538461538461539,0
0,325,3,0,11,0.0,0,3,2.0815142857142854,0.2650192617598591,0
1,326,4,0,1,3.8332200289702034,1,1,9.961099999999995,0.2825843971631204,1
0,327,5,0,1,0.0,0,3,-1.6166999999999998,-0.20583891421150466,0
1,328,4,0,1,2.6390573296152584,1,2,0.0,0.0,0
1,329,3,0,3,0.0,1,3,-1.0125333333333337,-0.12891616375102924,0
1,330,2,0,2,3.400850654892709,1,1,-6.260400000000001,-0.1776,1
1,331,3,0,3,0.0,1,3,3.7708000000000004,0.4800998192050114,2
0,332,4,0,1,3.3843902633457743,0,1,-6.75,-0.19148936170212766,0
0,333,4,0,2,3.9542040759860324,0,1,15.904166666666669,0.4511820330969268,0
0,334,2,0,3,0.0,0,3,1.1458000000000004,0.14588373099742818,0
1,335,3,0,2,0.0,1,1,31.575000000000003,0.895744680851064,0
0,336,3,0,1,0.0,0,3,0.04160000000000075,0.005296529245499319,0
0,337,3,0,2,3.535145354171894,0,1,-1.9500000000000028,-0.05531914893617029,0
1,338,4,0,1,4.223177434065069,1,1,32.0,0.9078014184397163,1
1,339,4,0,1,0.0,0,3,0.19580000000000108,0.024929337169921965,0
0,340,4,0,1,3.597312260588446,0,1,0.25,0.0070921985815602835,0
1,341,0,1,3,2.268683541318364,0,2,-4.333333333333334,-0.33333333333333337,0
1,342,3,0,6,4.200954297280359,1,1,30.5,0.8652482269503546,0
0,343,3,0,1,0.0,0,2,0.0,0.0,0
0,344,3,0,1,0.0,0,2,0.0,0.0,0
0,345,4,0,1,0.0,0,2,0.0,0.0,0
1,346,3,0,1,2.6390573296152584,1,2,0.0,0.0,0
1,347,4,0,1,0.0,1,2,0.0,0.0,0
1,348,3,0,2,0.0,1,3,8.245800000000003,1.0498586743398441,0
1,349,0,1,3,0.0,0,3,0.09580000000000055,0.012197295714394917,0
0,350,4,0,1,0.0,0,3,0.8083,0.10291309108502458,0
0,351,3,0,1,0.0,0,3,1.3708,0.17453082427236385,0
0,352,3,0,1,3.58351893845611,0,1,-0.25,-0.0070921985815602835,0
0,353,2,0,3,0.0,0,3,-0.625,-0.07957525909704362,1
0,354,3,0,2,0.0,0,3,1.0458000000000007,0.13315168954190124,0
0,355,3,0,1,0.0,0,3,-0.6292,-0.08011000483817575,1
0,356,3,0,1,0.0,0,3,1.6458000000000004,0.20954393827506307,0
1,357,3,0,2,3.349904087274605,1,1,-7.75,-0.2198581560283688,0
0,358,4,0,1,0.0,1,2,0.0,0.0,0
1,359,3,0,1,0.0,1,3,0.025000000000000355,0.00318301036388179,2
1,360,3,0,1,0.0,1,3,0.025000000000000355,0.00318301036388179,2
0,361,4,0,6,0.0,0,3,-3.2042,-0.4079600723179955,0
0,362,3,0,2,0.0,0,2,14.7208,1.1323692307692308,1
0,363,4,0,2,0.0,1,3,-0.6270999999999995,-0.07984263196760963,1
0,364,3,0,1,0.0,0,3,-0.8041999999999998,-0.10239107738534795,0
0,365,3,0,2,0.0,0,3,-0.10419999999999963,-0.013266787196659066,2
0,366,3,0,1,0.0,0,3,-0.6041999999999996,-0.07692699447429396,0
1,367,5,0,2,4.334017415487521,1,1,40.0,1.1347517730496455,1
1,368,3,0,1,0.0,1,3,-0.625,-0.07957525909704362,1
1,369,3,0,1,0.0,1,3,-0.10419999999999963,-0.013266787196659066,2
1,370,3,0,1,3.573749146860305,1,1,-0.6000000000000014,-0.017021276595744723,1
1,371,3,0,2,4.0332082470129285,0,1,20.191699999999997,0.572814184397163,1
0,372,2,0,2,0.0,0,3,-1.3583999999999996,-0.17295205113187845,0
0,373,3,0,1,0.0,0,3,0.19580000000000108,0.024929337169921965,0
0,374,3,0,1,0.0,0,1,9.961099999999995,0.2825843971631204,1
0,375,0,1,5,0.0,1,3,-2.58545,-0.3291805658119223,0
1,376,3,0,2,0.0,1,1,5.8354,0.1655432624113475,1
1,377,3,0,1,0.0,1,3,-0.6041999999999996,-0.07692699447429396,0
0,378,3,0,3,5.358941988364472,0,1,176.25,5.0,1
0,379,3,0,1,0.0,0,3,-3.8416999999999994,-0.4891268365969799,1
0,380,3,0,1,0.0,0,3,-0.07919999999999927,-0.010083776832777275,0
1,381,4,0,1,0.0,1,1,21.63125,0.6136524822695036,1
1,382,0,1,3,0.0,1,3,0.016650000000000276,0.0021198849023452773,1
0,383,3,0,1,0.0,0,3,0.0708000000000002,0.009014285350513126,0
1,384,3,0,2,0.0,1,1,-9.25,-0.2624113475177305,0
0,385,3,0,1,0.0,0,3,0.04160000000000075,0.005296529245499319,0
0,386,2,0,1,0.0,0,2,1.6999999999999993,0.13076923076923072,0
0,387,0,1,8,0.0,0,3,-0.037533333333333196,-0.004778759559641109,0
1,388,4,0,1,0.0,1,2,0.0,0.0,0
0,389,3,0,1,0.0,0,3,-0.125,-0.015915051819408724,2
1,390,2,0,1,0.0,1,2,-1.0,-0.07692307692307693,1
1,391,4,0,4,3.4339872044851463,0,1,-5.25,-0.14893617021276595,0
1,392,3,0,1,0.0,0,3,-0.058399999999999785,-0.007435512210027729,0
0,393,3,0,3,0.0,0,3,0.0708000000000002,0.009014285350513126,0
1,394,3,0,2,3.657345786442051,1,1,2.508333333333333,0.07115839243498817,1
1,395,3,0,3,2.2353763433005955,1,3,0.4958,0.06312546153650277,0
0,396,3,0,1,0.0,0,3,-0.058399999999999785,-0.007435512210027729,0
0,397,3,0,1,0.0,1,3,0.0,0.0,0
0,398,4,0,1,0.0,0,2,0.0,0.0,0
0,399,3,0,1,0.0,0,2,-2.5,-0.19230769230769232,0
1,400,3,0,1,0.0,1,2,-0.34999999999999964,-0.026923076923076897,0
1,401,4,0,1,0.0,0,3,0.0708000000000002,0.009014285350513126,0
0,402,3,0,1,0.0,0,3,0.19580000000000108,0.024929337169921965,0
0,403,3,0,2,0.0,1,3,1.9707999999999997,0.2509230730055257,0
0,404,3,0,2,0.0,0,3,0.0708000000000002,0.009014285350513126,0
0,405,3,0,1,0.0,1,3,0.8083,0.10291309108502458,0
0,406,3,0,2,0.0,0,2,8.0,0.6153846153846154,0
0,407,4,0,1,0.0,0,3,-0.10419999999999963,-0.013266787196659066,0
1,408,0,1,3,0.0,0,2,-6.75,-0.5192307692307693,0
0,409,3,0,1,0.0,0,3,-0.07919999999999927,-0.010083776832777275,0
0,410,3,0,5,0.0,1,3,-1.4875249999999998,-0.18939229966132767,0
0,411,3,0,1,0.0,0,3,0.04160000000000075,0.005296529245499319,0
0,412,3,0,1,0.0,0,3,-0.9958999999999998,-0.12679840085559316,2
1,413,3,0,2,3.828641396489095,1,1,9.75,0.2765957446808511,2
0,414,3,0,1,0.0,0,2,-13.0,-1.0,0
1,415,4,0,1,0.0,0,3,0.0708000000000002,0.009014285350513126,0
0,416,3,0,1,0.0,1,3,0.19580000000000108,0.024929337169921965,0
1,417,3,0,3,0.0,1,2,19.5,1.5,0
1,418,2,0,3,0.0,1,2,0.0,0.0,0
0,419,3,0,1,0.0,0,2,0.0,0.0,0
0,420,1,1,3,0.0,1,3,0.1957999999999993,0.02492933716992174,0
0,421,3,0,1,0.0,0,3,0.04160000000000075,0.005296529245499319,1
0,422,3,0,1,0.0,0,3,-0.12089999999999979,-0.015393038119732092,2
0,423,3,0,1,0.0,0,3,0.020800000000000374,0.0026482646227496596,0
0,424,3,0,3,0.0,1,3,-0.6541999999999994,-0.08329301520205744,0
0,425,2,0,3,0.0,0,3,2.2520499999999997,0.2867319395991953,0
0,426,3,0,1,0.0,0,3,-0.6041999999999996,-0.07692699447429396,0
1,427,3,0,2,0.0,1,2,13.0,1.0,0
1,428,3,0,1,0.0,1,2,0.0,0.0,0
0,429,3,0,1,0.0,0,3,-0.10419999999999963,-0.013266787196659066,2
1,430,3,0,1,2.2027647577118348,0,3,0.19580000000000108,0.024929337169921965,0
1,431,3,0,1,3.3160025355989236,0,1,-8.7,-0.24680851063829784,0
1,432,3,0,2,0.0,1,3,0.19580000000000108,0.024929337169921965,0
1,433,4,0,2,0.0,1,2,13.0,1.0,0
0,434,2,0,1,0.0,0,3,-0.7291999999999996,-0.09284204629370268,0
0,435,4,0,2,3.3655702040190043,0,1,-7.300000000000001,-0.2070921985815603,0
1,436,2,0,4,3.4339872044851463,1,1,-5.25,-0.14893617021276595,0
0,437,3,0,5,0.0,1,3,0.7395500000000004,0.09415981258434983,0
1,438,3,0,6,0.0,1,2,-6.75,-0.5192307692307693,0
0,439,5,0,6,4.200954297280359,0,1,30.5,0.8652482269503546,0
0,440,3,0,1,0.0,0,2,-2.5,-0.19230769230769232,0
1,441,4,0,3,0.0,1,2,-4.25,-0.3269230769230769,0
0,442,3,0,1,0.0,0,3,1.6458000000000004,0.20954393827506307,0
0,443,3,0,2,0.0,0,3,-0.07919999999999927,-0.010083776832777275,0
1,444,3,0,1,0.0,1,2,0.0,0.0,0
1,445,3,0,1,0.0,0,3,0.2583000000000011,0.03288686307962633,0
1,446,0,1,3,4.417131919904876,0,1,46.6083,1.3222212765957446,0
1,447,2,0,2,0.0,1,2,-3.25,-0.25,0
1,448,3,0,1,0.0,0,1,-8.7,-0.24680851063829784,0
1,449,0,1,4,0.0,1,3,-3.039625,-0.38700631509256195,1
1,450,4,0,1,3.449987545831587,0,1,-4.75,-0.1347517730496454,0
0,451,4,0,4,0.0,0,2,-3.75,-0.28846153846153844,0
0,452,3,0,2,0.0,0,3,12.1125,1.5421685213007055,0
0,453,3,0,1,3.3586377672433594,0,1,-7.5,-0.2127659574468085,1
1,454,4,0,2,3.8188567258265635,0,1,9.302100000000003,0.26388936170212773,1
0,455,3,0,1,0.0,0,3,0.19580000000000108,0.024929337169921965,0
1,456,3,0,1,0.0,0,3,0.04160000000000075,0.005296529245499319,1
0,457,5,0,1,3.3160025355989236,0,1,-8.7,-0.24680851063829784,0
1,458,3,0,2,3.967694202798607,1,1,16.612499999999997,0.4712765957446808,0
1,459,4,0,1,0.0,1,2,-2.5,-0.19230769230769232,0
0,460,3,0,1,0.0,0,3,-0.10419999999999963,-0.013266787196659066,2
1,461,4,0,1,3.3160025355989236,0,1,-8.7,-0.24680851063829784,0
0,462,3,0,1,0.0,0,3,0.19580000000000108,0.024929337169921965,0
0,463,4,0,1,3.676300671907076,0,1,3.25,0.09219858156028368,0
0,464,4,0,1,0.0,0,2,0.0,0.0,0
0,465,3,0,1,0.0,0,3,0.19580000000000108,0.024929337169921965,0
0,466,4,0,1,0.0,0,3,-0.8041999999999998,-0.10239107738534795,0
0,467,3,0,1,0.0,0,2,-13.0,-1.0,0
0,468,5,0,1,0.0,0,1,-8.7,-0.24680851063829784,0
0,469,3,0,1,0.0,0,3,-0.12919999999999998,-0.016449797560540855,2
1,470,0,1,4,0.0,1,3,-3.039625,-0.38700631509256195,1
0,471,3,0,1,0.0,0,3,-0.6041999999999996,-0.07692699447429396,0
0,472,4,0,1,0.0,0,3,0.8083,0.10291309108502458,0
1,473,3,0,4,0.0,1,2,-3.75,-0.28846153846153844,0
1,474,3,0,1,2.694066212646058,1,2,0.7917000000000005,0.06090000000000004,1
0,475,3,0,1,0.0,1,3,1.9833000000000007,0.2525145781874667,0
0,476,3,0,1,3.295836866004329,0,1,-9.25,-0.2624113475177305,0
0,477,3,0,2,0.0,0,2,-2.5,-0.19230769230769232,0
0,478,3,0,2,0.0,0,3,-0.8083999999999998,-0.10292582312648008,0
0,479,3,0,1,0.0,0,3,-0.33339999999999925,-0.04244862621272685,0
1,480,0,1,2,0.0,1,3,4.4333,0.5644495938478776,0
0,481,1,1,8,0.0,0,3,-0.037533333333333196,-0.004778759559641109,0
0,482,3,0,1,0.0,0,2,-13.0,-1.0,0
0,483,4,0,1,0.0,0,3,0.19580000000000108,0.024929337169921965,0
1,484,5,0,1,0.0,1,3,1.7333000000000007,0.22068447454864923,0
1,485,3,0,2,3.8403035630800124,0,1,10.2896,0.29190354609929076,1
0,486,3,0,5,0.0,1,3,-1.4875249999999998,-0.18939229966132767,0
1,487,3,0,2,3.828641396489095,1,1,9.75,0.2765957446808511,0
0,488,5,0,1,3.4242626545931514,0,1,-5.550000000000001,-0.15744680851063833,1
0,489,3,0,1,0.0,0,3,0.19580000000000108,0.024929337169921965,0
1,490,1,1,3,0.0,0,3,0.09580000000000055,0.012197295714394917,0
0,491,3,0,2,0.0,0,3,12.1125,1.5421685213007055,0
0,492,3,0,1,0.0,0,3,-0.6041999999999996,-0.07692699447429396,0
0,493,4,0,1,3.449987545831587,0,1,-4.75,-0.1347517730496454,0
0,494,5,0,1,0.0,0,1,14.254199999999997,0.4043744680851063,1
0,495,3,0,1,0.0,0,3,0.19580000000000108,0.024929337169921965,0
0,496,3,0,1,0.0,0,3,-0.6250499999999999,-0.07958162511777138,1
1,497,4,0,2,3.6922076594889166,1,1,3.88335,0.11016595744680852,1
0,498,3,0,1,0.0,0,3,7.2458,0.9225382597845739,0
0,499,3,0,4,3.6606728622237554,1,1,2.637500000000003,0.07482269503546107,0
0,500,3,0,1,0.0,0,3,-0.058399999999999785,-0.007435512210027729,0
0,501,2,0,1,0.0,0,3,0.8083,0.10291309108502458,0
0,502,3,0,1,0.0,1,3,-0.10419999999999963,-0.013266787196659066,2
0,503,3,0,1,0.0,1,3,-0.22499999999999964,-0.02864709327493566,2
0,504,4,0,1,0.0,1,3,1.7333000000000007,0.22068447454864923,0
1,505,2,0,1,3.3956263366127,1,1,-6.416666666666668,-0.182033096926714,0
0,506,2,0,2,4.015481713796376,0,1,19.200000000000003,0.5446808510638299,1
1,507,3,0,3,0.0,1,2,0.0,0.0,0
1,508,3,0,1,0.0,0,1,-8.7,-0.24680851063829784,0
0,509,3,0,1,0.0,0,3,14.6708,1.8678923378574521,0
1,510,3,0,1,0.0,0,3,0.21662857142857295,0.027581239518801783,0
1,511,3,0,1,0.0,0,3,-0.10419999999999963,-0.013266787196659066,2
0,512,3,0,1,0.0,0,3,0.19580000000000108,0.024929337169921965,0
1,513,4,0,1,3.3064287218760624,0,1,-8.962499999999999,-0.2542553191489361,0
1,514,4,0,2,0.0,1,1,24.15,0.6851063829787234,1
0,515,3,0,1,0.0,0,3,-0.3583999999999996,-0.045631636576608646,0
0,516,4,0,1,3.5559421706858756,0,1,-1.2291999999999987,-0.03487092198581557,0
1,517,3,0,1,2.4423470353692043,1,2,-2.5,-0.19230769230769232,0
0,518,3,0,1,0.0,0,3,0.1957999999999993,0.02492933716992174,2
1,519,4,0,2,0.0,1,2,13.0,1.0,0
0,520,3,0,1,0.0,0,3,0.04160000000000075,0.005296529245499319,0
1,521,3,0,1,3.865979066926739,1,1,11.5,0.3262411347517731,0
0,522,3,0,1,0.0,0,3,0.04160000000000075,0.005296529245499319,0
0,523,3,0,1,0.0,0,3,-0.6292,-0.08011000483817575,1
1,524,4,0,2,3.400850654892709,1,1,-6.260400000000001,-0.1776,1
0,525,3,0,1,0.0,0,3,-0.625,-0.07957525909704362,1
0,526,4,0,1,0.0,0,3,-0.10419999999999963,-0.013266787196659066,2
1,527,4,0,1,0.0,1,2,-2.5,-0.19230769230769232,0
0,528,3,0,1,5.406181146423973,0,1,186.5292,5.291608510638298,0
0,529,4,0,1,0.0,0,3,0.0708000000000002,0.009014285350513126,0
0,530,3,0,4,0.0,0,2,-1.5,-0.11538461538461539,0
1,531,0,1,3,0.0,1,2,0.0,0.0,0
0,532,3,0,1,0.0,0,3,-0.625,-0.07957525909704362,1
0,533,2,0,3,0.0,0,3,-0.625,-0.07957525909704362,1
1,534,3,0,3,0.0,1,3,3.3249500000000003,0.42333401237554436,1
0,535,3,0,1,0.0,1,3,0.8083,0.10291309108502458,0
1,536,1,1,3,0.0,1,2,-4.25,-0.3269230769230769,0
0,537,4,0,1,3.3160025355989236,0,1,-8.7,-0.24680851063829784,0
1,538,3,0,1,0.0,1,1,17.9625,0.5095744680851063,1
0,539,3,0,1,0.0,0,3,6.6458,0.8461460110514121,0
1,540,3,0,3,3.9219733362813143,1,1,14.25,0.40425531914893614,1
1,541,4,0,3,3.597312260588446,1,1,0.25,0.0070921985815602835,0
0,542,1,1,7,0.0,1,3,-3.386342857142857,-0.4311505763977053,0
0,543,1,1,7,0.0,1,3,-3.386342857142857,-0.4311505763977053,0
1,544,3,0,2,0.0,0,2,0.0,0.0,0
0,545,4,0,2,3.9929115091614844,0,1,17.9625,0.5095744680851063,1
0,546,5,0,1,0.0,0,1,-9.25,-0.2624113475177305,0
1,547,3,0,2,0.0,1,2,0.0,0.0,0
1,548,3,0,1,0.0,0,2,0.8625000000000007,0.0663461538461539,1
0,549,3,0,3,0.0,0,3,-1.0125333333333337,-0.12891616375102924,0
1,550,1,1,3,0.0,0,2,5.375,0.41346153846153844,0
1,551,2,0,3,3.3576224693941916,0,1,-7.529174999999999,-0.21359361702127655,1
0,552,3,0,1,0.0,0,2,13.0,1.0,0
0,553,3,0,1,0.0,0,3,-0.024999999999999467,-0.003183010363881677,2
1,554,3,0,1,0.0,0,3,-0.6292,-0.08011000483817575,1
1,555,3,0,1,0.0,1,3,-0.07919999999999927,-0.010083776832777275,0
0,556,5,0,1,0.0,0,1,-8.7,-0.24680851063829784,0
1,557,4,0,2,3.703768066607687,1,1,4.350000000000001,0.12340425531914898,1
0,558,3,0,1,0.0,0,1,21.63125,0.6136524822695036,1
1,559,4,0,3,3.3160025355989236,1,1,-8.7,-0.24680851063829784,0
1,560,4,0,2,0.0,1,3,9.5458,1.2153752132616944,0
0,561,3,0,1,0.0,0,3,-0.10419999999999963,-0.013266787196659066,2
0,562,4,0,1,0.0,0,3,0.04160000000000075,0.005296529245499319,0
0,563,3,0,1,0.0,0,2,0.5,0.038461538461538464,0
0,564,3,0,1,0.0,0,3,0.19580000000000108,0.024929337169921965,0
0,565,3,0,1,0.0,1,3,0.19580000000000108,0.024929337169921965,0
0,566,3,0,3,0.0,0,3,4.2208,0.5373940057548827,0
0,567,3,0,1,0.0,0,3,0.04160000000000075,0.005296529245499319,0
0,568,3,0,5,0.0,1,3,-2.58545,-0.3291805658119223,0
0,569,3,0,1,0.0,0,3,-0.625,-0.07957525909704362,1
1,570,3,0,1,0.0,0,3,0.0,0.0,0
1,571,5,0,1,0.0,0,2,-2.5,-0.19230769230769232,0
1,572,4,0,3,3.960416900617205,1,1,16.2292,0.46040283687943256,0
1,573,4,0,1,3.3100867049215847,0,1,-8.8625,-0.25141843971631206,0
1,574,3,0,1,0.0,1,3,-0.10419999999999963,-0.013266787196659066,2
0,575,2,0,1,0.0,0,3,0.19580000000000108,0.024929337169921965,0
0,576,3,0,1,0.0,0,3,-0.6041999999999996,-0.07692699447429396,0
1,577,3,0,1,0.0,1,2,0.0,0.0,0
1,578,4,0,2,3.3655702040190043,1,1,-7.300000000000001,-0.2070921985815603,0
0,579,3,0,2,0.0,1,3,6.6041,0.8408367497644572,1
1,580,3,0,1,0.0,0,3,0.0708000000000002,0.009014285350513126,0
1,581,3,0,3,0.0,1,2,17.0,1.3076923076923077,0
1,582,4,0,3,3.3576224693941916,1,1,-7.529174999999999,-0.21359361702127655,1
0,583,4,0,1,0.0,0,2,0.0,0.0,0
0,584,4,0,1,3.716616209085536,0,1,4.875,0.13829787234042554,1
0,585,3,0,1,0.0,0,3,0.8583000000000007,0.10927911181278815,1
1,586,2,0,3,3.3160025355989236,1,1,-8.7,-0.24680851063829784,0
0,587,4,0,1,0.0,0,2,2.0,0.15384615384615385,0
1,588,5,0,3,4.384523514872469,0,1,43.95,1.246808510638298,1
0,589,3,0,1,0.0,0,3,0.19580000000000108,0.024929337169921965,0
0,590,3,0,1,0.0,0,3,0.19580000000000108,0.024929337169921965,0
0,591,3,0,1,0.0,0,3,-0.7291999999999996,-0.09284204629370268,0
1,592,4,0,2,3.6922076594889166,1,1,3.88335,0.11016595744680852,1
0,593,4,0,1,0.0,0,3,-0.6041999999999996,-0.07692699447429396,0
0,594,3,0,3,0.0,1,3,-0.10419999999999963,-0.013266787196659066,2
0,595,4,0,2,0.0,0,2,13.0,1.0,0
0,596,4,0,3,0.0,0,3,0.1957999999999993,0.02492933716992174,0
1,597,3,0,1,0.0,1,2,-2.0,-0.15384615384615385,0
0,598,4,0,1,0.0,0,3,-7.8542,-1.0,0
0,599,3,0,1,0.0,0,3,-0.6292,-0.08011000483817575,1
1,600,4,0,2,3.383189542769255,0,1,-6.785399999999999,-0.19249361702127657,1
1,601,3,0,4,0.0,1,2,0.5,0.038461538461538464,0
0,602,3,0,1,0.0,0,3,0.04160000000000075,0.005296529245499319,0
0,603,3,0,1,0.0,0,1,7.149999999999999,0.20283687943262407,0
0,604,4,0,1,0.0,0,3,0.19580000000000108,0.024929337169921965,0
1,605,3,0,1,0.0,0,1,-8.7,-0.24680851063829784,1
0,606,4,0,2,0.0,0,3,7.695800000000001,0.9798324463344454,0
0,607,3,0,1,0.0,0,3,0.04160000000000075,0.005296529245499319,0
1,608,3,0,1,0.0,0,1,-4.75,-0.1347517730496454,0
1,609,3,0,4,0.0,1,2,0.8597333333333328,0.0661333333333333,1
1,610,4,0,1,3.9542040759860324,1,1,15.904166666666669,0.4511820330969268,0
0,611,4,0,7,0.0,1,3,-3.386342857142857,-0.4311505763977053,0
0,612,3,0,1,0.0,0,3,-0.8041999999999998,-0.10239107738534795,0
1,613,3,0,2,0.0,1,3,-0.10419999999999963,-0.013266787196659066,2
0,614,3,0,1,0.0,0,3,-0.10419999999999963,-0.013266787196659066,2
0,615,3,0,1,0.0,0,3,0.19580000000000108,0.024929337169921965,0
1,616,3,0,4,0.0,1,2,19.5,1.5,0
0,617,3,0,3,0.0,0,3,-0.6541999999999994,-0.08329301520205744,0
0,618,3,0,2,0.0,1,3,0.19580000000000108,0.024929337169921965,0
1,619,0,1,4,3.0204248861443626,1,2,6.5,0.5,0
0,620,3,0,1,0.0,0,2,-2.5,-0.19230769230769232,0
0,621,3,0,2,0.0,0,3,-0.6270999999999995,-0.07984263196760963,1
1,622,4,0,2,3.9806942251907276,0,1,17.3042,0.4908992907801419,0
1,623,3,0,3,0.0,0,3,0.016650000000000276,0.0021198849023452773,1
0,624,3,0,1,0.0,0,3,0.0,0.0,0
0,625,3,0,1,0.0,0,3,0.19580000000000108,0.024929337169921965,0
0,626,5,0,1,3.5061818266142577,0,1,-2.9292000000000016,-0.08309787234042558,0
0,627,5,0,1,0.0,0,2,-0.6500000000000004,-0.05000000000000003,2
1,628,3,0,1,3.2953219186268687,1,1,-9.263900000000003,-0.2628056737588653,0
0,629,3,0,1,0.0,0,3,0.04160000000000075,0.005296529245499319,0
0,630,3,0,1,0.0,0,3,-0.12089999999999979,-0.015393038119732092,2
1,631,5,0,1,3.4339872044851463,0,1,-5.25,-0.14893617021276595,0
0,632,4,0,1,0.0,0,3,-0.7999999999999998,-0.10185633164421581,0
1,633,3,0,1,3.449987545831587,0,1,-4.75,-0.1347517730496454,1
0,634,3,0,1,0.0,0,1,-35.25,-1.0,0
0,635,1,1,6,0.0,1,3,-3.2042,-0.4079600723179955,0
1,636,3,0,1,0.0,1,2,0.0,0.0,0
0,637,3,0,1,0.0,0,3,0.0708000000000002,0.009014285350513126,0
0,638,3,0,3,0.0,0,2,-4.25,-0.3269230769230769,0
0,639,4,0,6,0.0,1,3,-1.2396166666666666,-0.1578285078896217,0
0,640,3,0,2,0.0,0,3,0.19580000000000108,0.024929337169921965,0
0,641,3,0,1,0.0,0,3,0.0,0.0,0
1,642,3,0,1,3.573749146860305,1,1,-0.6000000000000014,-0.017021276595744723,1
0,643,0,1,6,0.0,1,3,-3.2042,-0.4079600723179955,0
1,644,3,0,1,0.0,0,3,0.21662857142857295,0.027581239518801783,0
1,645,0,1,4,0.0,1,3,-3.039625,-0.38700631509256195,1
1,646,4,0,2,3.280023603931663,0,1,-9.673599999999997,-0.27442836879432614,1
0,647,3,0,1,0.0,0,3,0.04160000000000075,0.005296529245499319,0
1,648,5,0,1,3.597312260588446,0,1,0.25,0.0070921985815602835,1
0,649,3,0,1,0.0,0,3,-0.3041999999999998,-0.03873087010771305,0
1,650,3,0,1,0.0,1,3,-0.3041999999999998,-0.03873087010771305,0
0,651,3,0,1,0.0,0,3,0.04160000000000075,0.005296529245499319,0
1,652,2,0,2,0.0,1,2,-1.5,-0.11538461538461539,0
0,653,3,0,1,0.0,0,3,0.5790999999999995,0.07373125206895667,0
1,654,3,0,1,0.0,1,3,-0.024999999999999467,-0.003183010363881677,2
0,655,2,0,1,0.0,1,3,-1.1041999999999996,-0.14058720175192888,2
0,656,3,0,3,0.0,0,2,1.6999999999999993,0.13076923076923072,0
0,657,3,0,1,0.0,0,3,0.04160000000000075,0.005296529245499319,0
0,658,3,0,3,0.0,1,3,-0.10419999999999963,-0.013266787196659066,2
0,659,3,0,1,0.0,0,2,0.0,0.0,0
0,660,5,0,3,3.657345786442051,0,1,2.508333333333333,0.07115839243498817,1
1,661,4,0,3,0.0,0,1,31.575000000000003,0.895744680851064,0
0,662,4,0,1,0.0,0,3,-0.6292,-0.08011000483817575,1
0,663,4,0,1,3.2804411805263554,0,1,-9.662500000000001,-0.274113475177305,0
0,664,4,0,1,0.0,0,3,-0.3583999999999996,-0.045631636576608646,0
1,665,3,0,2,0.0,0,3,0.0708000000000002,0.009014285350513126,0
0,666,3,0,3,0.0,0,2,1.6999999999999993,0.13076923076923072,0
0,667,3,0,1,0.0,0,2,0.0,0.0,0
0,668,3,0,1,0.0,0,3,-0.07919999999999927,-0.010083776832777275,0
0,669,4,0,1,0.0,0,3,0.19580000000000108,0.024929337169921965,0
1,670,3,0,2,3.295836866004329,1,1,-9.25,-0.2624113475177305,0
1,671,4,0,3,0.0,1,2,6.5,0.5,0
0,672,3,0,2,3.970291913552122,0,1,16.75,0.475177304964539,0
0,673,5,0,1,0.0,0,2,-2.5,-0.19230769230769232,0
1,674,3,0,1,0.0,0,2,0.0,0.0,0
0,675,3,0,1,0.0,0,2,-13.0,-1.0,0
0,676,2,0,1,0.0,0,3,-0.07919999999999927,-0.010083776832777275,0
0,677,3,0,1,0.0,0,3,0.19580000000000108,0.024929337169921965,0
1,678,2,0,1,0.0,1,3,1.9874999999999998,0.2530493239285987,0
0,679,4,0,8,0.0,1,3,-0.037533333333333196,-0.004778759559641109,0
1,680,4,0,2,5.146193631080405,0,1,135.5264,3.8447205673758864,1
0,681,3,0,1,0.0,1,3,0.28329999999999966,0.03606987344350789,2
1,682,3,0,1,3.280023603931663,0,1,-9.673599999999997,-0.27442836879432614,1
0,683,3,0,1,0.0,0,3,1.3708,0.17453082427236385,0
0,684,2,0,8,0.0,0,3,-0.037533333333333196,-0.004778759559641109,0
0,685,5,0,3,0.0,0,2,6.5,0.5,0
0,686,3,0,4,0.0,0,2,0.8597333333333328,0.0661333333333333,1
0,687,2,0,6,0.0,0,3,-1.2396166666666666,-0.1578285078896217,0
0,688,3,0,1,0.0,0,3,2.3166,0.29495047235873806,0
0,689,2,0,1,0.0,0,3,-0.058399999999999785,-0.007435512210027729,0
1,690,2,0,2,4.2689395868368605,1,1,35.19583333333334,0.9984633569739955,0
1,691,3,0,2,3.3843902633457743,0,1,-6.75,-0.19148936170212766,0
1,692,0,1,2,0.0,1,3,5.562500000000001,0.7082198059636884,1
1,693,3,0,1,0.0,0,3,0.21662857142857295,0.027581239518801783,0
0,694,3,0,1,0.0,0,3,-0.6292,-0.08011000483817575,1
0,695,5,0,1,0.0,0,1,-8.7,-0.24680851063829784,0
0,696,4,0,1,0.0,0,2,0.5,0.038461538461538464,0
0,697,4,0,1,0.0,0,3,0.19580000000000108,0.024929337169921965,0
1,698,3,0,1,0.0,1,3,-0.12089999999999979,-0.015393038119732092,2
0,699,4,0,3,3.3576224693941916,0,1,-7.529174999999999,-0.21359361702127655,1
0,700,4,0,1,2.157559320943788,0,3,-0.20419999999999927,-0.025998828652186,0
1,701,2,0,2,4.058393497936442,1,1,21.63125,0.6136524822695036,1
1,702,3,0,1,3.3064287218760624,0,1,-8.962499999999999,-0.2542553191489361,0
0,703,2,0,2,0.0,1,3,-0.6270999999999995,-0.07984263196760963,1
0,704,3,0,1,0.0,0,3,-0.11249999999999982,-0.01432354663746783,2
0,705,3,0,2,0.0,0,3,0.0,0.0,0
0,706,4,0,1,0.0,0,2,0.0,0.0,0
1,707,4,0,1,0.0,1,2,0.5,0.038461538461538464,0
1,708,4,0,1,3.3064287218760624,0,1,-8.962499999999999,-0.2542553191489361,0
1,709,3,0,1,0.0,1,1,2.637500000000003,0.07482269503546107,0
1,710,0,1,3,0.0,0,3,-0.23130000000000006,-0.02944921188663391,1
1,711,3,0,1,3.922056501139853,1,1,14.254199999999997,0.4043744680851063,1
0,712,3,0,1,3.3160025355989236,0,1,-8.7,-0.24680851063829784,0
1,713,4,0,2,3.295836866004329,0,1,-9.25,-0.2624113475177305,0
0,714,3,0,1,0.0,0,3,1.6291000000000002,0.20741768735199007,0
0,715,4,0,1,0.0,0,2,-6.5,-0.5,0
0,716,3,0,1,2.157559320943788,0,3,-0.20419999999999927,-0.025998828652186,0
1,717,4,0,1,4.058393497936442,1,1,21.63125,0.6136524822695036,1
1,718,3,0,1,2.4423470353692043,1,2,-2.5,-0.19230769230769232,0
0,719,3,0,1,0.0,0,3,7.6458,0.9734664256066818,2
0,720,3,0,1,0.0,0,3,-0.07919999999999927,-0.010083776832777275,0
1,721,1,1,2,0.0,1,2,-2.0,-0.15384615384615385,0
0,722,2,0,2,0.0,0,3,-0.7999999999999998,-0.10185633164421581,0
0,723,3,0,1,0.0,0,2,0.0,0.0,0
0,724,4,0,1,0.0,0,2,0.0,0.0,0
1,725,3,0,2,3.3160025355989236,0,1,-8.7,-0.24680851063829784,0
0,726,3,0,1,0.0,0,3,0.8083,0.10291309108502458,0
1,727,3,0,4,0.0,1,2,-2.5,-0.19230769230769232,0
1,728,3,0,1,0.0,1,3,-0.1166999999999998,-0.01485829237859996,2
0,729,3,0,2,0.0,0,2,13.0,1.0,0
0,730,3,0,2,0.0,1,3,0.0708000000000002,0.009014285350513126,0
1,731,3,0,1,4.2689395868368605,1,1,35.19583333333334,0.9984633569739955,0
0,732,1,1,1,0.0,0,3,1.539550000000001,0.19601614422856575,1
0,733,3,0,1,0.0,0,2,-13.0,-1.0,0
0,734,3,0,1,0.0,0,2,0.0,0.0,0
0,735,3,0,1,0.0,0,2,0.0,0.0,0
0,736,3,0,1,0.0,0,3,0.19580000000000108,0.024929337169921965,0
0,737,4,0,5,0.0,1,3,0.7395500000000004,0.09415981258434983,0
1,738,3,0,1,5.146193631080405,0,1,135.5264,3.8447205673758864,1
0,739,3,0,1,0.0,0,3,0.04160000000000075,0.005296529245499319,0
0,740,3,0,1,0.0,0,3,0.04160000000000075,0.005296529245499319,0
1,741,3,0,1,3.4339872044851463,0,1,-5.25,-0.14893617021276595,0
0,742,4,0,2,3.6994484054631704,0,1,4.174999999999997,0.11843971631205666,0
1,743,3,0,5,4.884221369240597,1,1,95.9375,2.721631205673759,1
0,744,3,0,2,0.0,0,3,8.245800000000003,1.0498586743398441,0
1,745,3,0,1,0.0,0,3,0.0708000000000002,0.009014285350513126,0
0,746,5,0,3,3.597312260588446,0,1,0.25,0.0070921985815602835,0
0,747,2,0,3,0.0,0,3,2.2708000000000004,0.28911919737210673,0
1,748,3,0,1,0.0,1,2,0.0,0.0,0
0,749,3,0,2,3.9908341858524357,0,1,17.85,0.5063829787234043,0
0,750,3,0,1,0.0,0,3,-0.10419999999999963,-0.013266787196659066,2
1,751,0,1,3,0.0,1,2,10.0,0.7692307692307693,0
1,752,1,1,2,1.9792758428991135,0,3,-1.6166999999999998,-0.20583891421150466,0
0,753,3,0,1,0.0,0,3,1.6458000000000004,0.20954393827506307,0
0,754,3,0,1,0.0,0,3,0.04160000000000075,0.005296529245499319,0
1,755,4,0,4,0.0,1,2,19.5,1.5,0
1,756,0,1,3,0.0,0,2,-5.75,-0.4423076923076923,0
0,757,3,0,1,0.0,0,3,-0.058399999999999785,-0.007435512210027729,0
0,758,2,0,1,0.0,0,2,-1.5,-0.11538461538461539,0
0,759,3,0,1,0.0,0,3,0.19580000000000108,0.024929337169921965,0
1,760,3,0,1,3.3956263366127,1,1,-6.416666666666668,-0.182033096926714,0
0,761,3,0,1,0.0,0,3,-0.6041999999999996,-0.07692699447429396,0
0,762,4,0,1,0.0,0,3,-0.7291999999999996,-0.09284204629370268,0
1,763,3,0,1,0.0,0,3,-0.625,-0.07957525909704362,1
1,764,4,0,4,3.4339872044851463,1,1,-5.25,-0.14893617021276595,0
0,765,2,0,1,0.0,0,3,-0.07919999999999927,-0.010083776832777275,0
1,766,4,0,2,3.2953219186268687,1,1,-9.263900000000003,-0.2628056737588653,0
0,767,4,0,1,0.0,0,1,4.350000000000001,0.12340425531914898,1
0,768,3,0,1,0.0,1,3,-0.10419999999999963,-0.013266787196659066,2
0,769,3,0,2,0.0,0,3,0.1957999999999993,0.02492933716992174,2
0,770,3,0,1,0.0,0,3,0.5083000000000011,0.06471696671844378,0
0,771,3,0,1,0.0,0,3,1.6458000000000004,0.20954393827506307,0
0,772,4,0,1,0.0,0,3,0.0,0.0,0
0,773,5,0,1,1.8325814637483102,1,2,-7.75,-0.5961538461538461,0
0,774,3,0,1,0.0,0,3,-0.6292,-0.08011000483817575,1
1,775,4,0,5,0.0,1,2,10.0,0.7692307692307693,0
0,776,2,0,1,0.0,0,3,-0.10419999999999963,-0.013266787196659066,0
0,777,3,0,1,2.169053700369523,0,3,-0.10419999999999963,-0.013266787196659066,2
1,778,0,1,1,0.0,1,3,-1.6166999999999998,-0.20583891421150466,0
0,779,3,0,1,0.0,0,3,-0.1166999999999998,-0.01485829237859996,2
1,780,4,0,2,4.2689395868368605,1,1,35.19583333333334,0.9984633569739955,0
1,781,2,0,1,0.0,1,3,-0.625,-0.07957525909704362,1
1,782,2,0,2,3.3843902633457743,1,1,-6.75,-0.19148936170212766,0
0,783,3,0,1,3.4339872044851463,0,1,-5.25,-0.14893617021276595,0
0,784,3,0,4,0.0,0,3,3.8708,0.49283186066053836,0
0,785,3,0,1,0.0,0,3,-0.8041999999999998,-0.10239107738534795,0
0,786,3,0,1,0.0,0,3,-0.6041999999999996,-0.07692699447429396,0
1,787,2,0,1,0.0,1,3,-0.3583999999999996,-0.045631636576608646,0
0,788,1,1,6,0.0,0,3,-2.0291999999999994,-0.2583585852155534,2
1,789,0,1,4,0.0,0,3,2.4333,0.309808764737338,0
0,790,4,0,1,3.703768066607687,0,1,4.350000000000001,0.12340425531914898,1
0,791,3,0,1,0.0,0,3,-0.10419999999999963,-0.013266787196659066,2
0,792,2,0,1,0.0,0,2,0.0,0.0,0
0,793,3,0,11,0.0,1,3,2.0815142857142854,0.2650192617598591,0
0,794,3,0,1,0.0,0,1,-4.554200000000002,-0.12919716312056742,1
0,795,3,0,1,0.0,0,3,0.04160000000000075,0.005296529245499319,0
0,796,4,0,1,0.0,0,2,0.0,0.0,0
1,797,4,0,1,3.2932111997353943,1,1,-9.320799999999998,-0.2644198581560283,0
1,798,3,0,1,0.0,1,3,0.8290999999999995,0.10556135570777413,0
0,799,3,0,1,0.0,0,3,-0.625,-0.07957525909704362,1
0,800,3,0,3,0.0,1,3,0.1957999999999993,0.02492933716992174,0
0,801,3,0,1,0.0,0,2,-6.5,-0.5,0
1,802,3,0,3,0.0,1,2,-4.25,-0.3269230769230769,0
1,803,1,1,4,3.4339872044851463,0,1,-5.25,-0.14893617021276595,0
1,804,0,1,2,0.0,0,3,0.6625000000000005,0.0843497746428663,1
1,805,3,0,1,0.0,0,3,-0.8792,-0.1119401084769932,0
0,806,3,0,1,0.0,0,3,-0.07919999999999927,-0.010083776832777275,0
0,807,4,0,1,0.0,0,1,-35.25,-1.0,0
0,808,2,0,1,0.0,1,3,-0.07919999999999927,-0.010083776832777275,0
0,809,4,0,1,0.0,0,2,0.0,0.0,0
1,810,3,0,2,3.3160025355989236,1,1,-8.7,-0.24680851063829784,0
0,811,3,0,1,0.0,0,3,0.03330000000000055,0.004239769804690555,0
0,812,4,0,1,0.0,0,3,4.2208,0.5373940057548827,0
0,813,3,0,1,0.0,0,2,-2.5,-0.19230769230769232,0
0,814,1,1,7,0.0,1,3,-3.386342857142857,-0.4311505763977053,0
0,815,3,0,1,0.0,0,3,0.19580000000000108,0.024929337169921965,0
0,816,3,0,1,0.0,0,1,-35.25,-1.0,0
0,817,3,0,1,0.0,1,3,0.0708000000000002,0.009014285350513126,0
0,818,3,0,3,0.0,0,2,5.502099999999999,0.42323846153846145,1
0,819,4,0,1,0.0,0,3,-1.4041999999999994,-0.17878332611850978,0
0,820,1,1,6,0.0,0,3,-3.2042,-0.4079600723179955,0
1,821,4,0,3,3.865979066926739,1,1,11.5,0.3262411347517731,0
1,822,3,0,1,0.0,0,3,0.8083,0.10291309108502458,0
0,823,4,0,1,0.0,0,1,-35.25,-1.0,0
1,824,3,0,2,1.9792758428991135,1,3,-1.6166999999999998,-0.20583891421150466,0
0,825,0,1,6,0.0,0,3,-1.2396166666666666,-0.1578285078896217,0
0,826,3,0,1,0.0,0,3,-0.9041999999999994,-0.11512311884087488,2
0,827,3,0,1,0.0,0,3,0.21662857142857295,0.027581239518801783,0
1,828,0,1,3,0.0,0,2,5.502099999999999,0.42323846153846145,1
1,829,3,0,1,0.0,0,3,-0.10419999999999963,-0.013266787196659066,2
1,830,5,0,1,3.713572066704308,1,1,4.75,0.1347517730496454,0
1,831,2,0,2,0.0,1,3,-0.6270999999999995,-0.07984263196760963,1
1,832,0,1,3,0.0,0,2,-6.75,-0.5192307692307693,0
0,833,3,0,1,0.0,0,3,-0.625,-0.07957525909704362,1
0,834,3,0,1,0.0,0,3,0.0,0.0,0
0,835,2,0,1,0.0,0,3,0.4458000000000011,0.05675944080873942,0
1,836,4,0,3,4.432699549165613,1,1,47.9083,1.3591007092198581,1
0,837,3,0,1,0.0,0,3,0.8083,0.10291309108502458,0
0,838,3,0,1,0.0,0,3,0.19580000000000108,0.024929337169921965,0
1,839,3,0,1,0.0,0,3,0.21662857142857295,0.027581239518801783,0
1,840,3,0,1,3.4242626545931514,0,1,-5.550000000000001,-0.15744680851063833,1
0,841,3,0,1,0.0,0,3,0.0708000000000002,0.009014285350513126,0
0,842,2,0,1,0.0,0,2,-7.75,-0.5961538461538461,0
1,843,3,0,1,0.0,1,1,-19.75,-0.5602836879432624,1
0,844,3,0,1,0.0,0,3,-1.4166999999999996,-0.18037483130045068,1
0,845,2,0,1,0.0,0,3,0.8083,0.10291309108502458,0
0,846,4,0,1,0.0,0,3,-0.3041999999999998,-0.03873087010771305,0
0,847,3,0,11,0.0,0,3,2.0815142857142854,0.2650192617598591,0
0,848,3,0,1,0.0,0,3,0.04160000000000075,0.005296529245499319,1
0,849,3,0,2,0.0,0,2,-2.0,-0.15384615384615385,0
1,850,3,0,2,3.8188567258265635,1,1,9.302100000000003,0.26388936170212773,1
0,851,0,1,7,0.0,0,3,-3.386342857142857,-0.4311505763977053,0
0,852,5,0,1,0.0,0,3,-0.07919999999999927,-0.010083776832777275,0
0,853,1,1,3,0.0,1,3,-0.23130000000000006,-0.02944921188663391,1
1,854,2,0,2,3.6988297849671046,1,1,4.149999999999999,0.11773049645390067,0
0,855,4,0,2,0.0,1,2,0.0,0.0,0
1,856,2,0,2,0.0,1,3,1.4958,0.19044587609177258,0
1,857,4,0,3,0.0,1,1,47.183350000000004,1.3385347517730497,0
1,858,4,0,1,3.3160025355989236,0,1,-8.7,-0.24680851063829784,0
1,859,3,0,4,0.0,1,3,-3.039625,-0.38700631509256195,1
0,860,3,0,1,0.0,0,3,-0.625,-0.07957525909704362,1
0,861,4,0,3,0.0,0,3,6.2541,0.7962746046701129,0
0,862,3,0,2,0.0,0,2,-1.5,-0.11538461538461539,0
1,863,4,0,1,3.2932111997353943,1,1,-9.320799999999998,-0.2644198581560283,0
0,864,3,0,11,0.0,1,3,2.0815142857142854,0.2650192617598591,0
0,865,3,0,1,0.0,0,2,0.0,0.0,0
1,866,4,0,1,0.0,1,2,0.0,0.0,0
1,867,3,0,2,0.0,1,2,0.8582999999999998,0.0660230769230769,1
0,868,3,0,1,3.941500250945973,0,1,15.245800000000003,0.43250496453900716,0
0,869,3,0,1,0.0,0,3,1.6458000000000004,0.20954393827506307,0
1,870,0,1,3,0.0,0,3,-4.1431,-0.5275012095439382,0
0,871,3,0,1,0.0,0,3,0.04160000000000075,0.005296529245499319,0
1,872,4,0,3,3.306047522339149,1,1,-8.9729,-0.25455035460992903,0
0,873,3,0,1,1.791759469228055,0,1,-30.25,-0.8581560283687943,0
0,874,4,0,1,0.0,0,3,1.1458000000000004,0.14588373099742818,0
1,875,3,0,2,0.0,1,2,-1.0,-0.07692307692307693,1
1,876,2,0,1,0.0,1,3,-0.6292,-0.08011000483817575,1
0,877,3,0,1,0.0,0,3,-2.9312999999999994,-0.3732143311858623,0
0,878,3,0,1,0.0,0,3,0.04160000000000075,0.005296529245499319,0
0,879,3,0,1,0.0,0,3,0.04160000000000075,0.005296529245499319,0
1,880,5,0,2,3.7513646968424084,1,1,6.3291499999999985,0.17955035460992905,1
1,881,3,0,2,0.0,1,2,0.0,0.0,0
0,882,3,0,1,0.0,0,3,0.04160000000000075,0.005296529245499319,0
0,883,3,0,1,0.0,1,3,2.6625000000000005,0.3389906037534059,0
0,884,3,0,1,0.0,0,2,-2.5,-0.19230769230769232,0
0,885,3,0,1,0.0,0,3,-0.8041999999999998,-0.10239107738534795,0
0,886,4,0,6,0.0,1,3,-2.0291999999999994,-0.2583585852155534,2
0,887,3,0,1,0.0,0,2,0.0,0.0,0
1,888,3,0,1,3.4339872044851463,1,1,-5.25,-0.14893617021276595,0
0,889,3,0,4,0.0,1,3,3.8708,0.49283186066053836,0
1,890,3,0,1,3.4339872044851463,0,1,-5.25,-0.14893617021276595,1
0,891,3,0,1,0.0,0,3,-0.10419999999999963,-0.013266787196659066,2
