PassengerId,Survived,Pclass,Sex,Fare,TicketGroupSize,FarePerPerson,FarePerPerson_log,FareClassBand,FareMedianByClass,FareSurplus,CabinExists,FareCabinInteraction
1,0,3,male,7.25,1,7.25,2.1102132003465894,0,7.8542,-0.6041999999999996,0,0.0
2,1,1,female,71.2833,1,71.2833,4.2805931204649,3,35.25,36.0333,1,4.2805931204649
3,1,3,female,7.925,1,7.925,2.188856327665703,2,7.8542,0.0708000000000002,0,0.0
4,1,1,female,53.1,2,26.55,3.3160025355989236,0,35.25,-8.7,1,3.3160025355989236
5,0,3,male,8.05,1,8.05,2.2027647577118348,2,7.8542,0.19580000000000108,0,0.0
6,0,3,male,8.4583,1,8.4583,2.246892662898172,3,7.8542,0.6040999999999999,0,0.0
7,0,1,male,51.8625,1,51.8625,3.967694202798607,3,35.25,16.612499999999997,1,3.967694202798607
8,0,3,male,21.075,4,5.26875,1.8355769727281086,0,7.8542,-2.58545,0,0.0
9,1,3,female,11.1333,3,3.7111,1.5499214264083454,0,7.8542,-4.1431,0,0.0
10,1,2,female,30.0708,2,15.0354,2.774798778265854,3,13.0,2.035399999999999,0,0.0
11,1,3,female,16.7,2,8.35,2.2353763433005955,3,7.8542,0.4958,1,2.2353763433005955
12,1,1,female,26.55,1,26.55,3.3160025355989236,0,35.25,-8.7,1,3.3160025355989236
13,0,3,male,8.05,1,8.05,2.2027647577118348,2,7.8542,0.19580000000000108,0,0.0
14,0,3,male,31.275,7,4.4678571428571425,1.698886792488434,0,7.8542,-3.386342857142857,0,0.0
15,0,3,female,7.8542,1,7.8542,2.180891922715322,1,7.8542,0.0,0,0.0
16,1,2,female,16.0,1,16.0,2.833213344056216,3,13.0,3.0,0,0.0
17,0,3,male,29.125,5,5.825,1.9205923410710235,0,7.8542,-2.0291999999999994,0,0.0
18,1,2,male,13.0,1,13.0,2.6390573296152584,1,13.0,0.0,0,0.0
19,0,3,female,18.0,1,18.0,2.9444389791664403,3,7.8542,10.145800000000001,0,0.0
20,1,3,female,7.225,1,7.225,2.1071782966514356,0,7.8542,-0.6292,0,0.0
21,0,2,male,26.0,2,13.0,2.6390573296152584,1,13.0,0.0,0,0.0
22,1,2,male,13.0,1,13.0,2.6390573296152584,1,13.0,0.0,1,2.6390573296152584
23,1,3,female,8.0292,1,8.0292,2.2004637699272855,2,7.8542,0.17499999999999982,0,0.0
24,1,1,male,35.5,1,35.5,3.597312260588446,2,35.25,0.25,1,3.597312260588446
25,0,3,female,21.075,4,5.26875,1.8355769727281086,0,7.8542,-2.58545,0,0.0
26,1,3,female,31.3875,4,7.846875,2.1800642893181275,1,7.8542,-0.007324999999999804,0,0.0
27,0,3,male,7.225,1,7.225,2.1071782966514356,0,7.8542,-0.6292,0,0.0
28,0,1,male,263.0,4,65.75,4.200954297280359,3,35.25,30.5,1,4.200954297280359
29,1,3,female,7.8792,1,7.8792,2.1837114628556327,2,7.8542,0.025000000000000355,0,0.0
30,0,3,male,7.8958,1,7.8958,2.1855792552411137,2,7.8542,0.04160000000000075,0,0.0
31,0,1,male,27.7208,1,27.7208,3.357621598945279,1,35.25,-7.5291999999999994,0,0.0
32,1,1,female,146.5208,2,73.2604,4.307577835214363,3,35.25,38.010400000000004,1,4.307577835214363
33,1,3,female,7.75,1,7.75,2.169053700369523,1,7.8542,-0.10419999999999963,0,0.0
34,0,2,male,10.5,1,10.5,2.4423470353692043,0,13.0,-2.5,0,0.0
35,0,1,male,82.1708,2,41.0854,3.7397008871924475,2,35.25,5.8354,0,0.0
36,0,1,male,52.0,2,26.0,3.295836866004329,0,35.25,-9.25,0,0.0
37,1,3,male,7.2292,1,7.2292,2.1076888046179385,0,7.8542,-0.625,0,0.0
38,0,3,male,8.05,1,8.05,2.2027647577118348,2,7.8542,0.19580000000000108,0,0.0
39,0,3,female,18.0,2,9.0,2.302585092994046,3,7.8542,1.1458000000000004,0,0.0
40,1,3,female,11.2417,2,5.62085,1.8902237604980383,0,7.8542,-2.2333499999999997,0,0.0
41,0,3,female,9.475,1,9.475,2.348991465808201,3,7.8542,1.6208,0,0.0
42,0,2,female,21.0,2,10.5,2.4423470353692043,0,13.0,-2.5,0,0.0
43,0,3,male,7.8958,1,7.8958,2.1855792552411137,2,7.8542,0.04160000000000075,0,0.0
44,1,2,female,41.5792,3,13.859733333333333,2.698655093861659,3,13.0,0.8597333333333328,0,0.0
45,1,3,female,7.8792,1,7.8792,2.1837114628556327,2,7.8542,0.025000000000000355,0,0.0
46,0,3,male,8.05,1,8.05,2.2027647577118348,2,7.8542,0.19580000000000108,0,0.0
47,0,3,male,15.5,1,15.5,2.803360380906535,3,7.8542,7.6458,0,0.0
48,1,3,female,7.75,1,7.75,2.169053700369523,1,7.8542,-0.10419999999999963,0,0.0
49,0,3,male,21.6792,1,21.6792,3.1214482048688246,3,7.8542,13.825000000000003,0,0.0
50,0,3,female,17.8,2,8.9,2.2925347571405443,3,7.8542,1.0458000000000007,0,0.0
51,0,3,male,39.6875,6,6.614583333333333,2.0300652682819424,0,7.8542,-1.2396166666666666,0,0.0
52,0,3,male,7.8,1,7.8,2.174751721484161,1,7.8542,-0.054199999999999804,0,0.0
53,1,1,female,76.7292,3,25.576400000000003,3.280023603931663,0,35.25,-9.673599999999997,1,3.280023603931663
54,1,2,female,26.0,1,26.0,3.295836866004329,3,13.0,13.0,0,0.0
55,0,1,male,61.9792,1,61.9792,4.142804513146981,3,35.25,26.7292,1,4.142804513146981
56,1,1,male,35.5,1,35.5,3.597312260588446,2,35.25,0.25,1,3.597312260588446
57,1,2,female,10.5,1,10.5,2.4423470353692043,0,13.0,-2.5,0,0.0
58,0,3,male,7.2292,1,7.2292,2.1076888046179385,0,7.8542,-0.625,0,0.0
59,1,2,female,27.75,3,9.25,2.327277705584417,0,13.0,-3.75,0,0.0
60,0,3,male,46.9,6,7.816666666666666,2.1766438696361985,1,7.8542,-0.037533333333333196,0,0.0
61,0,3,male,7.2292,1,7.2292,2.1076888046179385,0,7.8542,-0.625,0,0.0
62,1,1,female,80.0,2,40.0,3.713572066704308,2,35.25,4.75,1,3.713572066704308
63,0,1,male,83.475,2,41.7375,3.75507675496542,2,35.25,6.487499999999997,1,3.75507675496542
64,0,3,male,27.9,6,4.6499999999999995,1.7316555451583495,0,7.8542,-3.2042,0,0.0
65,0,1,male,27.7208,1,27.7208,3.357621598945279,1,35.25,-7.5291999999999994,0,0.0
66,1,3,male,15.2458,2,7.6229,2.15442145501091,1,7.8542,-0.23130000000000006,0,0.0
67,1,2,female,10.5,1,10.5,2.4423470353692043,0,13.0,-2.5,1,2.4423470353692043
68,0,3,male,8.1583,1,8.1583,2.2146605719425225,3,7.8542,0.3041000000000009,0,0.0
69,1,3,female,7.925,1,7.925,2.188856327665703,2,7.8542,0.0708000000000002,0,0.0
70,0,3,male,8.6625,1,8.6625,2.2682524139135403,3,7.8542,0.8083,0,0.0
71,0,2,male,10.5,1,10.5,2.4423470353692043,0,13.0,-2.5,0,0.0
72,0,3,female,46.9,6,7.816666666666666,2.1766438696361985,1,7.8542,-0.037533333333333196,0,0.0
73,0,2,male,73.5,5,14.7,2.7536607123542622,3,13.0,1.6999999999999993,0,0.0
74,0,3,male,14.4542,1,14.4542,2.737880811060884,3,7.8542,6.6000000000000005,0,0.0
75,1,3,male,56.4958,7,8.070828571428573,2.2050636129235883,3,7.8542,0.21662857142857295,0,0.0
76,0,3,male,7.65,1,7.65,2.157559320943788,1,7.8542,-0.20419999999999927,1,2.157559320943788
77,0,3,male,7.8958,1,7.8958,2.1855792552411137,2,7.8542,0.04160000000000075,0,0.0
78,0,3,male,8.05,1,8.05,2.2027647577118348,2,7.8542,0.19580000000000108,0,0.0
79,1,2,male,29.0,2,14.5,2.740840023925201,3,13.0,1.5,0,0.0
80,1,3,female,12.475,2,6.2375,1.9792758428991135,0,7.8542,-1.6166999999999998,0,0.0
81,0,3,male,9.0,1,9.0,2.302585092994046,3,7.8542,1.1458000000000004,0,0.0
82,1,3,male,9.5,1,9.5,2.3513752571634776,3,7.8542,1.6458000000000004,0,0.0
83,1,3,female,7.7875,1,7.7875,2.1733302571367834,1,7.8542,-0.06669999999999998,0,0.0
84,0,1,male,47.1,1,47.1,3.8732821771117156,2,35.25,11.850000000000001,0,0.0
85,1,2,female,10.5,1,10.5,2.4423470353692043,0,13.0,-2.5,0,0.0
86,1,3,female,15.85,2,7.925,2.188856327665703,2,7.8542,0.0708000000000002,0,0.0
87,0,3,male,34.375,4,8.59375,2.2611118447874707,3,7.8542,0.7395500000000004,0,0.0
88,0,3,male,8.05,1,8.05,2.2027647577118348,2,7.8542,0.19580000000000108,0,0.0
89,1,1,female,263.0,4,65.75,4.200954297280359,3,35.25,30.5,1,4.200954297280359
90,0,3,male,8.05,1,8.05,2.2027647577118348,2,7.8542,0.19580000000000108,0,0.0
91,0,3,male,8.05,1,8.05,2.2027647577118348,2,7.8542,0.19580000000000108,0,0.0
92,0,3,male,7.8542,1,7.8542,2.180891922715322,1,7.8542,0.0,0,0.0
93,0,1,male,61.175,1,61.175,4.1299529896894684,3,35.25,25.924999999999997,1,4.1299529896894684
94,0,3,male,20.575,2,10.2875,2.4236959187431037,3,7.8542,2.4333,0,0.0
95,0,3,male,7.25,1,7.25,2.1102132003465894,0,7.8542,-0.6041999999999996,0,0.0
96,0,3,male,8.05,1,8.05,2.2027647577118348,2,7.8542,0.19580000000000108,0,0.0
97,0,1,male,34.6542,1,34.6542,3.57386695198272,1,35.25,-0.595799999999997,1,3.57386695198272
98,1,1,male,63.3583,1,63.3583,4.164465907853638,3,35.25,28.1083,1,4.164465907853638
99,1,2,female,23.0,2,11.5,2.5257286443082556,1,13.0,-1.5,0,0.0
100,0,2,male,26.0,2,13.0,2.6390573296152584,1,13.0,0.0,0,0.0
101,0,3,female,7.8958,1,7.8958,2.1855792552411137,2,7.8542,0.04160000000000075,0,0.0
102,0,3,male,7.8958,1,7.8958,2.1855792552411137,2,7.8542,0.04160000000000075,0,0.0
103,0,1,male,77.2875,2,38.64375,3.6799333064000703,2,35.25,3.393749999999997,1,3.6799333064000703
104,0,3,male,8.6542,1,8.6542,2.267393053825037,3,7.8542,0.7999999999999998,0,0.0
105,0,3,male,7.925,1,7.925,2.188856327665703,2,7.8542,0.0708000000000002,0,0.0
106,0,3,male,7.8958,1,7.8958,2.1855792552411137,2,7.8542,0.04160000000000075,0,0.0
107,1,3,female,7.65,1,7.65,2.157559320943788,1,7.8542,-0.20419999999999927,0,0.0
108,1,3,male,7.775,1,7.775,2.1719067693519296,1,7.8542,-0.07919999999999927,0,0.0
109,0,3,male,7.8958,1,7.8958,2.1855792552411137,2,7.8542,0.04160000000000075,0,0.0
110,1,3,female,24.15,3,8.049999999999999,2.2027647577118348,2,7.8542,0.1957999999999993,0,0.0
111,0,1,male,52.0,2,26.0,3.295836866004329,0,35.25,-9.25,1,3.295836866004329
112,0,3,female,14.4542,2,7.2271,2.107433583211985,0,7.8542,-0.6270999999999995,0,0.0
113,0,3,male,8.05,1,8.05,2.2027647577118348,2,7.8542,0.19580000000000108,0,0.0
114,0,3,female,9.825,1,9.825,2.3818582738885534,3,7.8542,1.9707999999999997,0,0.0
115,0,3,female,14.4583,2,7.22915,2.107682728674724,0,7.8542,-0.6250499999999999,0,0.0
116,0,3,male,7.925,1,7.925,2.188856327665703,2,7.8542,0.0708000000000002,0,0.0
117,0,3,male,7.75,1,7.75,2.169053700369523,1,7.8542,-0.10419999999999963,0,0.0
118,0,2,male,21.0,2,10.5,2.4423470353692043,0,13.0,-2.5,0,0.0
119,0,1,male,247.5208,2,123.7604,4.826395097890282,3,35.25,88.5104,1,4.826395097890282
120,0,3,female,31.275,7,4.4678571428571425,1.698886792488434,0,7.8542,-3.386342857142857,0,0.0
121,0,2,male,73.5,5,14.7,2.7536607123542622,3,13.0,1.6999999999999993,0,0.0
122,0,3,male,8.05,1,8.05,2.2027647577118348,2,7.8542,0.19580000000000108,0,0.0
123,0,2,male,30.0708,2,15.0354,2.774798778265854,3,13.0,2.035399999999999,0,0.0
124,1,2,female,13.0,1,13.0,2.6390573296152584,1,13.0,0.0,1,2.6390573296152584
125,0,1,male,77.2875,2,38.64375,3.6799333064000703,2,35.25,3.393749999999997,1,3.6799333064000703
126,1,3,male,11.2417,2,5.62085,1.8902237604980383,0,7.8542,-2.2333499999999997,0,0.0
127,0,3,male,7.75,1,7.75,2.169053700369523,1,7.8542,-0.10419999999999963,0,0.0
128,1,3,male,7.1417,1,7.1417,2.0969990034181696,0,7.8542,-0.7124999999999995,0,0.0
129,1,3,female,22.3583,2,11.17915,2.4997254733112535,3,7.8542,3.3249500000000003,1,2.4997254733112535
130,0,3,male,6.975,1,6.975,2.076311648670908,0,7.8542,-0.8792,0,0.0
131,0,3,male,7.8958,1,7.8958,2.1855792552411137,2,7.8542,0.04160000000000075,0,0.0
132,0,3,male,7.05,1,7.05,2.0856720914304723,0,7.8542,-0.8041999999999998,0,0.0
133,0,3,female,14.5,1,14.5,2.740840023925201,3,7.8542,6.6458,0,0.0
134,1,2,female,26.0,1,26.0,3.295836866004329,3,13.0,13.0,0,0.0
135,0,2,male,13.0,1,13.0,2.6390573296152584,1,13.0,0.0,0,0.0
136,0,2,male,15.0458,1,15.0458,2.775447133088262,3,13.0,2.0458,0,0.0
137,1,1,female,26.2833,1,26.2833,3.3062747934011893,0,35.25,-8.9667,1,3.3062747934011893
138,0,1,male,53.1,2,26.55,3.3160025355989236,0,35.25,-8.7,1,3.3160025355989236
139,0,3,male,9.2167,2,4.60835,1.7242565586264682,0,7.8542,-3.24585,0,0.0
140,0,1,male,79.2,2,39.6,3.703768066607687,2,35.25,4.350000000000001,1,3.703768066607687
141,0,3,female,15.2458,2,7.6229,2.15442145501091,1,7.8542,-0.23130000000000006,0,0.0
142,1,3,female,7.75,1,7.75,2.169053700369523,1,7.8542,-0.10419999999999963,0,0.0
143,1,3,female,15.85,2,7.925,2.188856327665703,2,7.8542,0.0708000000000002,0,0.0
144,0,3,male,6.75,1,6.75,2.0476928433652555,0,7.8542,-1.1041999999999996,0,0.0
145,0,2,male,11.5,1,11.5,2.5257286443082556,1,13.0,-1.5,0,0.0
146,0,2,male,36.75,2,18.375,2.9639835752394106,3,13.0,5.375,0,0.0
147,1,3,male,7.7958,1,7.7958,2.174274334826008,1,7.8542,-0.058399999999999785,0,0.0
148,0,3,female,34.375,4,8.59375,2.2611118447874707,3,7.8542,0.7395500000000004,0,0.0
149,0,2,male,26.0,3,8.666666666666666,2.268683541318364,0,13.0,-4.333333333333334,1,2.268683541318364
150,0,2,male,13.0,1,13.0,2.6390573296152584,1,13.0,0.0,0,0.0
151,0,2,male,12.525,1,12.525,2.6045398247325453,1,13.0,-0.47499999999999964,0,0.0
152,1,1,female,66.6,2,33.3,3.535145354171894,1,35.25,-1.9500000000000028,1,3.535145354171894
153,0,3,male,8.05,1,8.05,2.2027647577118348,2,7.8542,0.19580000000000108,0,0.0
154,0,3,male,14.5,1,14.5,2.740840023925201,3,7.8542,6.6458,0,0.0
155,0,3,male,7.3125,1,7.3125,2.1177604059819726,1,7.8542,-0.5416999999999996,0,0.0
156,0,1,male,61.3792,1,61.3792,4.133231886474144,3,35.25,26.129199999999997,0,0.0
157,1,3,female,7.7333,1,7.7333,2.167143305297764,1,7.8542,-0.12089999999999979,0,0.0
158,0,3,male,8.05,1,8.05,2.2027647577118348,2,7.8542,0.19580000000000108,0,0.0
159,0,3,male,8.6625,1,8.6625,2.2682524139135403,3,7.8542,0.8083,0,0.0
160,0,3,male,69.55,7,9.935714285714285,2.3920339730483793,3,7.8542,2.0815142857142854,0,0.0
161,0,3,male,16.1,1,16.1,2.8390784635086144,3,7.8542,8.245800000000003,0,0.0
162,1,2,female,15.75,1,15.75,2.8183982582710754,3,13.0,2.75,0,0.0
163,0,3,male,7.775,1,7.775,2.1719067693519296,1,7.8542,-0.07919999999999927,0,0.0
164,0,3,male,8.6625,1,8.6625,2.2682524139135403,3,7.8542,0.8083,0,0.0
165,0,3,male,39.6875,6,6.614583333333333,2.0300652682819424,0,7.8542,-1.2396166666666666,0,0.0
166,1,3,male,20.525,3,6.841666666666666,2.0594513968033334,0,7.8542,-1.0125333333333337,0,0.0
167,1,1,female,55.0,2,27.5,3.349904087274605,1,35.25,-7.75,1,3.349904087274605
168,0,3,female,27.9,6,4.6499999999999995,1.7316555451583495,0,7.8542,-3.2042,0,0.0
169,0,1,male,25.925,1,25.925,3.2930552230424524,0,35.25,-9.325,0,0.0
170,0,3,male,56.4958,7,8.070828571428573,2.2050636129235883,3,7.8542,0.21662857142857295,0,0.0
171,0,1,male,33.5,1,33.5,3.5409593240373143,1,35.25,-1.75,1,3.5409593240373143
172,0,3,male,29.125,5,5.825,1.9205923410710235,0,7.8542,-2.0291999999999994,0,0.0
173,1,3,female,11.1333,3,3.7111,1.5499214264083454,0,7.8542,-4.1431,0,0.0
174,0,3,male,7.925,1,7.925,2.188856327665703,2,7.8542,0.0708000000000002,0,0.0
175,0,1,male,30.6958,1,30.6958,3.4561841799918147,1,35.25,-4.554200000000002,1,3.4561841799918147
176,0,3,male,7.8542,1,7.8542,2.180891922715322,1,7.8542,0.0,0,0.0
177,0,3,male,25.4667,4,6.366675,1.9969664510766771,0,7.8542,-1.4875249999999998,0,0.0
178,0,1,female,28.7125,1,28.7125,3.391567832686312,1,35.25,-6.537500000000001,1,3.391567832686312
179,0,2,male,13.0,1,13.0,2.6390573296152584,1,13.0,0.0,0,0.0
180,0,3,male,0.0,4,0.0,0.0,0,7.8542,-7.8542,0,0.0
181,0,3,female,69.55,7,9.935714285714285,2.3920339730483793,3,7.8542,2.0815142857142854,0,0.0
182,0,2,male,15.05,1,15.05,2.775708849576025,3,13.0,2.0500000000000007,0,0.0
183,0,3,male,31.3875,4,7.846875,2.1800642893181275,1,7.8542,-0.007324999999999804,0,0.0
184,1,2,male,39.0,2,19.5,3.0204248861443626,3,13.0,6.5,1,3.0204248861443626
185,1,3,female,22.025,1,22.025,3.1365805821413706,3,7.8542,14.1708,0,0.0
186,0,1,male,50.0,1,50.0,3.9318256327243257,2,35.25,14.75,1,3.9318256327243257
187,1,3,female,15.5,2,7.75,2.169053700369523,1,7.8542,-0.10419999999999963,0,0.0
188,1,1,male,26.55,1,26.55,3.3160025355989236,0,35.25,-8.7,0,0.0
189,0,3,male,15.5,2,7.75,2.169053700369523,1,7.8542,-0.10419999999999963,0,0.0
190,0,3,male,7.8958,1,7.8958,2.1855792552411137,2,7.8542,0.04160000000000075,0,0.0
191,1,2,female,13.0,1,13.0,2.6390573296152584,1,13.0,0.0,0,0.0
192,0,2,male,13.0,1,13.0,2.6390573296152584,1,13.0,0.0,0,0.0
193,1,3,female,7.8542,1,7.8542,2.180891922715322,1,7.8542,0.0,0,0.0
194,1,2,male,26.0,3,8.666666666666666,2.268683541318364,0,13.0,-4.333333333333334,1,2.268683541318364
195,1,1,female,27.7208,1,27.7208,3.357621598945279,1,35.25,-7.5291999999999994,1,3.357621598945279
196,1,1,female,146.5208,2,73.2604,4.307577835214363,3,35.25,38.010400000000004,1,4.307577835214363
197,0,3,male,7.75,1,7.75,2.169053700369523,1,7.8542,-0.10419999999999963,0,0.0
198,0,3,male,8.4042,1,8.4042,2.2411563979973974,3,7.8542,0.5499999999999998,0,0.0
199,1,3,female,7.75,1,7.75,2.169053700369523,1,7.8542,-0.10419999999999963,0,0.0
200,0,2,female,13.0,1,13.0,2.6390573296152584,1,13.0,0.0,0,0.0
201,0,3,male,9.5,1,9.5,2.3513752571634776,3,7.8542,1.6458000000000004,0,0.0
202,0,3,male,69.55,7,9.935714285714285,2.3920339730483793,3,7.8542,2.0815142857142854,0,0.0
203,0,3,male,6.4958,1,6.4958,2.0143428636837015,0,7.8542,-1.3583999999999996,0,0.0
204,0,3,male,7.225,1,7.225,2.1071782966514356,0,7.8542,-0.6292,0,0.0
205,1,3,male,8.05,1,8.05,2.2027647577118348,2,7.8542,0.19580000000000108,0,0.0
206,0,3,female,10.4625,2,5.23125,1.8295769547280114,0,7.8542,-2.6229499999999994,1,1.8295769547280114
207,0,3,male,15.85,2,7.925,2.188856327665703,2,7.8542,0.0708000000000002,0,0.0
208,1,3,male,18.7875,2,9.39375,2.341204663959101,3,7.8542,1.539550000000001,0,0.0
209,1,3,female,7.75,1,7.75,2.169053700369523,1,7.8542,-0.10419999999999963,0,0.0
210,1,1,male,31.0,1,31.0,3.4657359027997265,1,35.25,-4.25,1,3.4657359027997265
211,0,3,male,7.05,1,7.05,2.0856720914304723,0,7.8542,-0.8041999999999998,0,0.0
212,1,2,female,21.0,1,21.0,3.091042453358316,3,13.0,8.0,0,0.0
213,0,3,male,7.25,1,7.25,2.1102132003465894,0,7.8542,-0.6041999999999996,0,0.0
214,0,2,male,13.0,1,13.0,2.6390573296152584,1,13.0,0.0,0,0.0
215,0,3,male,7.75,1,7.75,2.169053700369523,1,7.8542,-0.10419999999999963,0,0.0
216,1,1,female,113.275,3,37.75833333333333,3.657345786442051,2,35.25,2.508333333333333,1,3.657345786442051
217,1,3,female,7.925,1,7.925,2.188856327665703,2,7.8542,0.0708000000000002,0,0.0
218,0,2,male,27.0,2,13.5,2.6741486494265287,2,13.0,0.5,0,0.0
219,1,1,female,76.2917,1,76.2917,4.347586575960343,3,35.25,41.041700000000006,1,4.347586575960343
220,0,2,male,10.5,1,10.5,2.4423470353692043,0,13.0,-2.5,0,0.0
221,1,3,male,8.05,1,8.05,2.2027647577118348,2,7.8542,0.19580000000000108,0,0.0
222,0,2,male,13.0,1,13.0,2.6390573296152584,1,13.0,0.0,0,0.0
223,0,3,male,8.05,1,8.05,2.2027647577118348,2,7.8542,0.19580000000000108,0,0.0
224,0,3,male,7.8958,1,7.8958,2.1855792552411137,2,7.8542,0.04160000000000075,0,0.0
225,1,1,male,90.0,2,45.0,3.828641396489095,2,35.25,9.75,1,3.828641396489095
226,0,3,male,9.35,1,9.35,2.336986519711378,3,7.8542,1.4958,0,0.0
227,1,2,male,10.5,1,10.5,2.4423470353692043,0,13.0,-2.5,0,0.0
228,0,3,male,7.25,1,7.25,2.1102132003465894,0,7.8542,-0.6041999999999996,0,0.0
229,0,2,male,13.0,1,13.0,2.6390573296152584,1,13.0,0.0,0,0.0
230,0,3,female,25.4667,4,6.366675,1.9969664510766771,0,7.8542,-1.4875249999999998,0,0.0
231,1,1,female,83.475,2,41.7375,3.75507675496542,2,35.25,6.487499999999997,1,3.75507675496542
232,0,3,male,7.775,1,7.775,2.1719067693519296,1,7.8542,-0.07919999999999927,0,0.0
233,0,2,male,13.5,1,13.5,2.6741486494265287,2,13.0,0.5,0,0.0
234,1,3,female,31.3875,4,7.846875,2.1800642893181275,1,7.8542,-0.007324999999999804,0,0.0
235,0,2,male,10.5,1,10.5,2.4423470353692043,0,13.0,-2.5,0,0.0
236,0,3,female,7.55,1,7.55,2.145931282948669,1,7.8542,-0.3041999999999998,0,0.0
237,0,2,male,26.0,1,26.0,3.295836866004329,3,13.0,13.0,0,0.0
238,1,2,female,26.25,3,8.75,2.277267285009756,0,13.0,-4.25,0,0.0
239,0,2,male,10.5,1,10.5,2.4423470353692043,0,13.0,-2.5,0,0.0
240,0,2,male,12.275,1,12.275,2.5858825671280026,1,13.0,-0.7249999999999996,0,0.0
241,0,3,female,14.4542,2,7.2271,2.107433583211985,0,7.8542,-0.6270999999999995,0,0.0
242,1,3,female,15.5,2,7.75,2.169053700369523,1,7.8542,-0.10419999999999963,0,0.0
243,0,2,male,10.5,1,10.5,2.4423470353692043,0,13.0,-2.5,0,0.0
244,0,3,male,7.125,1,7.125,2.094945728215801,0,7.8542,-0.7291999999999996,0,0.0
245,0,3,male,7.225,1,7.225,2.1071782966514356,0,7.8542,-0.6292,0,0.0
246,0,1,male,90.0,2,45.0,3.828641396489095,2,35.25,9.75,1,3.828641396489095
247,0,3,female,7.775,1,7.775,2.1719067693519296,1,7.8542,-0.07919999999999927,0,0.0
248,1,2,female,14.5,2,7.25,2.1102132003465894,0,13.0,-5.75,0,0.0
249,1,1,male,52.5542,2,26.2771,3.306047522339149,0,35.25,-8.9729,1,3.306047522339149
250,0,2,male,26.0,2,13.0,2.6390573296152584,1,13.0,0.0,0,0.0
251,0,3,male,7.25,1,7.25,2.1102132003465894,0,7.8542,-0.6041999999999996,0,0.0
252,0,3,female,10.4625,2,5.23125,1.8295769547280114,0,7.8542,-2.6229499999999994,1,1.8295769547280114
253,0,1,male,26.55,1,26.55,3.3160025355989236,0,35.25,-8.7,1,3.3160025355989236
254,0,3,male,16.1,2,8.05,2.2027647577118348,2,7.8542,0.19580000000000108,0,0.0
255,0,3,female,20.2125,2,10.10625,2.4075080129208244,3,7.8542,2.2520499999999997,0,0.0
256,1,3,female,15.2458,1,15.2458,2.7878344138303452,3,7.8542,7.3915999999999995,0,0.0
257,1,1,female,79.2,1,79.2,4.384523514872469,3,35.25,43.95,0,0.0
258,1,1,female,86.5,3,28.833333333333332,3.3956263366127,1,35.25,-6.416666666666668,1,3.3956263366127
259,1,1,female,512.3292,3,170.7764,5.146193631080405,3,35.25,135.5264,0,0.0
260,1,2,female,26.0,2,13.0,2.6390573296152584,1,13.0,0.0,0,0.0
261,0,3,male,7.75,1,7.75,2.169053700369523,1,7.8542,-0.10419999999999963,0,0.0
262,1,3,male,31.3875,4,7.846875,2.1800642893181275,1,7.8542,-0.007324999999999804,0,0.0
263,0,1,male,79.65,3,26.55,3.3160025355989236,0,35.25,-8.7,1,3.3160025355989236
264,0,1,male,0.0,1,0.0,0.0,0,35.25,-35.25,1,0.0
265,0,3,female,7.75,1,7.75,2.169053700369523,1,7.8542,-0.10419999999999963,0,0.0
266,0,2,male,10.5,1,10.5,2.4423470353692043,0,13.0,-2.5,0,0.0
267,0,3,male,39.6875,6,6.614583333333333,2.0300652682819424,0,7.8542,-1.2396166666666666,0,0.0
268,1,3,male,7.775,1,7.775,2.1719067693519296,1,7.8542,-0.07919999999999927,0,0.0
269,1,1,female,153.4625,3,51.15416666666667,3.9542040759860324,3,35.25,15.904166666666669,1,3.9542040759860324
270,1,1,female,135.6333,3,45.211099999999995,3.8332200289702034,2,35.25,9.961099999999995,1,3.8332200289702034
271,0,1,male,31.0,2,15.5,2.803360380906535,0,35.25,-19.75,0,0.0
272,1,3,male,0.0,4,0.0,0.0,0,7.8542,-7.8542,0,0.0
273,1,2,female,19.5,2,9.75,2.3749057545736716,0,13.0,-3.25,0,0.0
274,0,1,male,29.7,1,29.7,3.4242626545931514,1,35.25,-5.550000000000001,1,3.4242626545931514
275,1,3,female,7.75,1,7.75,2.169053700369523,1,7.8542,-0.10419999999999963,0,0.0
276,1,1,female,77.9583,3,25.986099999999997,3.2953219186268687,0,35.25,-9.263900000000003,1,3.2953219186268687
277,0,3,female,7.75,1,7.75,2.169053700369523,1,7.8542,-0.10419999999999963,0,0.0
278,0,2,male,0.0,3,0.0,0.0,0,13.0,-13.0,0,0.0
279,0,3,male,29.125,5,5.825,1.9205923410710235,0,7.8542,-2.0291999999999994,0,0.0
280,1,3,female,20.25,2,10.125,2.409194828052304,3,7.8542,2.2708000000000004,0,0.0
281,0,3,male,7.75,1,7.75,2.169053700369523,1,7.8542,-0.10419999999999963,0,0.0
282,0,3,male,7.8542,1,7.8542,2.180891922715322,1,7.8542,0.0,0,0.0
283,0,3,male,9.5,1,9.5,2.3513752571634776,3,7.8542,1.6458000000000004,0,0.0
284,1,3,male,8.05,1,8.05,2.2027647577118348,2,7.8542,0.19580000000000108,0,0.0
285,0,1,male,26.0,1,26.0,3.295836866004329,0,35.25,-9.25,1,3.295836866004329
286,0,3,male,8.6625,1,8.6625,2.2682524139135403,3,7.8542,0.8083,0,0.0
287,1,3,male,9.5,1,9.5,2.3513752571634776,3,7.8542,1.6458000000000004,0,0.0
288,0,3,male,7.8958,1,7.8958,2.1855792552411137,2,7.8542,0.04160000000000075,0,0.0
289,1,2,male,13.0,1,13.0,2.6390573296152584,1,13.0,0.0,0,0.0
290,1,3,female,7.75,1,7.75,2.169053700369523,1,7.8542,-0.10419999999999963,0,0.0
291,1,1,female,78.85,2,39.425,3.6994484054631704,2,35.25,4.174999999999997,0,0.0
292,1,1,female,91.0792,2,45.5396,3.8403035630800124,2,35.25,10.2896,1,3.8403035630800124
293,0,2,male,12.875,1,12.875,2.630088659632498,1,13.0,-0.125,1,2.630088659632498
294,0,3,female,8.85,1,8.85,2.2874714551839976,3,7.8542,0.9958,0,0.0
295,0,3,male,7.8958,1,7.8958,2.1855792552411137,2,7.8542,0.04160000000000075,0,0.0
296,0,1,male,27.7208,1,27.7208,3.357621598945279,1,35.25,-7.5291999999999994,0,0.0
297,0,3,male,7.2292,1,7.2292,2.1076888046179385,0,7.8542,-0.625,0,0.0
298,0,1,female,151.55,4,37.8875,3.6606728622237554,2,35.25,2.637500000000003,1,3.6606728622237554
299,1,1,male,30.5,1,30.5,3.449987545831587,1,35.25,-4.75,1,3.449987545831587
300,1,1,female,247.5208,2,123.7604,4.826395097890282,3,35.25,88.5104,1,4.826395097890282
301,1,3,female,7.75,1,7.75,2.169053700369523,1,7.8542,-0.10419999999999963,0,0.0
302,1,3,male,23.25,2,11.625,2.5356789751614235,3,7.8542,3.7708000000000004,0,0.0
303,0,3,male,0.0,4,0.0,0.0,0,7.8542,-7.8542,0,0.0
304,1,2,female,12.35,1,12.35,2.5915163848462583,1,13.0,-0.6500000000000004,1,2.5915163848462583
305,0,3,male,8.05,1,8.05,2.2027647577118348,2,7.8542,0.19580000000000108,0,0.0
306,1,1,male,151.55,4,37.8875,3.6606728622237554,2,35.25,2.637500000000003,1,3.6606728622237554
307,1,1,female,110.8833,4,27.720825,3.3576224693941916,1,35.25,-7.529174999999999,0,0.0
308,1,1,female,108.9,2,54.45,4.015481713796376,3,35.25,19.200000000000003,1,4.015481713796376
309,0,2,male,24.0,2,12.0,2.5649493574615367,1,13.0,-1.0,0,0.0
310,1,1,female,56.9292,2,28.4646,3.383189542769255,1,35.25,-6.785399999999999,1,3.383189542769255
311,1,1,female,83.1583,2,41.57915,3.7513646968424084,2,35.25,6.3291499999999985,1,3.7513646968424084
312,1,1,female,262.375,2,131.1875,4.884221369240597,3,35.25,95.9375,1,4.884221369240597
313,0,2,female,26.0,1,26.0,3.295836866004329,3,13.0,13.0,0,0.0
314,0,3,male,7.8958,1,7.8958,2.1855792552411137,2,7.8542,0.04160000000000075,0,0.0
315,0,2,male,26.25,3,8.75,2.277267285009756,0,13.0,-4.25,0,0.0
316,1,3,female,7.8542,1,7.8542,2.180891922715322,1,7.8542,0.0,0,0.0
317,1,2,female,26.0,2,13.0,2.6390573296152584,1,13.0,0.0,0,0.0
318,0,2,male,14.0,1,14.0,2.70805020110221,3,13.0,1.0,0,0.0
319,1,1,female,164.8667,2,82.43335,4.4240481095298865,3,35.25,47.183350000000004,1,4.4240481095298865
320,1,1,female,134.5,2,67.25,4.223177434065069,3,35.25,32.0,1,4.223177434065069
321,0,3,male,7.25,1,7.25,2.1102132003465894,0,7.8542,-0.6041999999999996,0,0.0
322,0,3,male,7.8958,1,7.8958,2.1855792552411137,2,7.8542,0.04160000000000075,0,0.0
323,1,2,female,12.35,1,12.35,2.5915163848462583,1,13.0,-0.6500000000000004,0,0.0
324,1,2,female,29.0,2,14.5,2.740840023925201,3,13.0,1.5,0,0.0
325,0,3,male,69.55,7,9.935714285714285,2.3920339730483793,3,7.8542,2.0815142857142854,0,0.0
326,1,1,female,135.6333,3,45.211099999999995,3.8332200289702034,2,35.25,9.961099999999995,1,3.8332200289702034
327,0,3,male,6.2375,1,6.2375,1.9792758428991135,0,7.8542,-1.6166999999999998,0,0.0
328,1,2,female,13.0,1,13.0,2.6390573296152584,1,13.0,0.0,1,2.6390573296152584
329,1,3,female,20.525,3,6.841666666666666,2.0594513968033334,0,7.8542,-1.0125333333333337,0,0.0
330,1,1,female,57.9792,2,28.9896,3.400850654892709,1,35.25,-6.260400000000001,1,3.400850654892709
331,1,3,female,23.25,2,11.625,2.5356789751614235,3,7.8542,3.7708000000000004,0,0.0
332,0,1,male,28.5,1,28.5,3.3843902633457743,1,35.25,-6.75,1,3.3843902633457743
333,0,1,male,153.4625,3,51.15416666666667,3.9542040759860324,3,35.25,15.904166666666669,1,3.9542040759860324
334,0,3,male,18.0,2,9.0,2.302585092994046,3,7.8542,1.1458000000000004,0,0.0
335,1,1,female,133.65,2,66.825,4.216930858544996,3,35.25,31.575000000000003,0,0.0
336,0,3,male,7.8958,1,7.8958,2.1855792552411137,2,7.8542,0.04160000000000075,0,0.0
337,0,1,male,66.6,2,33.3,3.535145354171894,1,35.25,-1.9500000000000028,1,3.535145354171894
338,1,1,female,134.5,2,67.25,4.223177434065069,3,35.25,32.0,1,4.223177434065069
339,1,3,male,8.05,1,8.05,2.2027647577118348,2,7.8542,0.19580000000000108,0,0.0
340,0,1,male,35.5,1,35.5,3.597312260588446,2,35.25,0.25,1,3.597312260588446
341,1,2,male,26.0,3,8.666666666666666,2.268683541318364,0,13.0,-4.333333333333334,1,2.268683541318364
342,1,1,female,263.0,4,65.75,4.200954297280359,3,35.25,30.5,1,4.200954297280359
343,0,2,male,13.0,1,13.0,2.6390573296152584,1,13.0,0.0,0,0.0
344,0,2,male,13.0,1,13.0,2.6390573296152584,1,13.0,0.0,0,0.0
345,0,2,male,13.0,1,13.0,2.6390573296152584,1,13.0,0.0,0,0.0
346,1,2,female,13.0,1,13.0,2.6390573296152584,1,13.0,0.0,1,2.6390573296152584
347,1,2,female,13.0,1,13.0,2.6390573296152584,1,13.0,0.0,0,0.0
348,1,3,female,16.1,1,16.1,2.8390784635086144,3,7.8542,8.245800000000003,0,0.0
349,1,3,male,15.9,2,7.95,2.191653532286764,2,7.8542,0.09580000000000055,0,0.0
350,0,3,male,8.6625,1,8.6625,2.2682524139135403,3,7.8542,0.8083,0,0.0
351,0,3,male,9.225,1,9.225,2.3248357019288655,3,7.8542,1.3708,0,0.0
352,0,1,male,35.0,1,35.0,3.58351893845611,1,35.25,-0.25,1,3.58351893845611
353,0,3,male,7.2292,1,7.2292,2.1076888046179385,0,7.8542,-0.625,0,0.0
354,0,3,male,17.8,2,8.9,2.2925347571405443,3,7.8542,1.0458000000000007,0,0.0
355,0,3,male,7.225,1,7.225,2.1071782966514356,0,7.8542,-0.6292,0,0.0
356,0,3,male,9.5,1,9.5,2.3513752571634776,3,7.8542,1.6458000000000004,0,0.0
357,1,1,female,55.0,2,27.5,3.349904087274605,1,35.25,-7.75,1,3.349904087274605
358,0,2,female,13.0,1,13.0,2.6390573296152584,1,13.0,0.0,0,0.0
359,1,3,female,7.8792,1,7.8792,2.1837114628556327,2,7.8542,0.025000000000000355,0,0.0
360,1,3,female,7.8792,1,7.8792,2.1837114628556327,2,7.8542,0.025000000000000355,0,0.0
361,0,3,male,27.9,6,4.6499999999999995,1.7316555451583495,0,7.8542,-3.2042,0,0.0
362,0,2,male,27.7208,1,27.7208,3.357621598945279,3,13.0,14.7208,0,0.0
363,0,3,female,14.4542,2,7.2271,2.107433583211985,0,7.8542,-0.6270999999999995,0,0.0
364,0,3,male,7.05,1,7.05,2.0856720914304723,0,7.8542,-0.8041999999999998,0,0.0
365,0,3,male,15.5,2,7.75,2.169053700369523,1,7.8542,-0.10419999999999963,0,0.0
366,0,3,male,7.25,1,7.25,2.1102132003465894,0,7.8542,-0.6041999999999996,0,0.0
367,1,1,female,75.25,1,75.25,4.334017415487521,3,35.25,40.0,1,4.334017415487521
368,1,3,female,7.2292,1,7.2292,2.1076888046179385,0,7.8542,-0.625,0,0.0
369,1,3,female,7.75,1,7.75,2.169053700369523,1,7.8542,-0.10419999999999963,0,0.0
370,1,1,female,69.3,2,34.65,3.573749146860305,1,35.25,-0.6000000000000014,1,3.573749146860305
371,1,1,male,55.4417,1,55.4417,4.0332082470129285,3,35.25,20.191699999999997,1,4.0332082470129285
372,0,3,male,6.4958,1,6.4958,2.0143428636837015,0,7.8542,-1.3583999999999996,0,0.0
373,0,3,male,8.05,1,8.05,2.2027647577118348,2,7.8542,0.19580000000000108,0,0.0
374,0,1,male,135.6333,3,45.211099999999995,3.8332200289702034,2,35.25,9.961099999999995,0,0.0
375,0,3,female,21.075,4,5.26875,1.8355769727281086,0,7.8542,-2.58545,0,0.0
376,1,1,female,82.1708,2,41.0854,3.7397008871924475,2,35.25,5.8354,0,0.0
377,1,3,female,7.25,1,7.25,2.1102132003465894,0,7.8542,-0.6041999999999996,0,0.0
378,0,1,male,211.5,1,211.5,5.358941988364472,3,35.25,176.25,1,5.358941988364472
379,0,3,male,4.0125,1,4.0125,1.6119347926326877,0,7.8542,-3.8416999999999994,0,0.0
380,0,3,male,7.775,1,7.775,2.1719067693519296,1,7.8542,-0.07919999999999927,0,0.0
381,1,1,female,227.525,4,56.88125,4.058393497936442,3,35.25,21.63125,0,0.0
382,1,3,female,15.7417,2,7.87085,2.182770620366069,2,7.8542,0.016650000000000276,0,0.0
383,0,3,male,7.925,1,7.925,2.188856327665703,2,7.8542,0.0708000000000002,0,0.0
384,1,1,female,52.0,2,26.0,3.295836866004329,0,35.25,-9.25,0,0.0
385,0,3,male,7.8958,1,7.8958,2.1855792552411137,2,7.8542,0.04160000000000075,0,0.0
386,0,2,male,73.5,5,14.7,2.7536607123542622,3,13.0,1.6999999999999993,0,0.0
387,0,3,male,46.9,6,7.816666666666666,2.1766438696361985,1,7.8542,-0.037533333333333196,0,0.0
388,1,2,female,13.0,1,13.0,2.6390573296152584,1,13.0,0.0,0,0.0
389,0,3,male,7.7292,1,7.7292,2.1666737276227077,1,7.8542,-0.125,0,0.0
390,1,2,female,12.0,1,12.0,2.5649493574615367,1,13.0,-1.0,0,0.0
391,1,1,male,120.0,4,30.0,3.4339872044851463,1,35.25,-5.25,1,3.4339872044851463
392,1,3,male,7.7958,1,7.7958,2.174274334826008,1,7.8542,-0.058399999999999785,0,0.0
393,0,3,male,7.925,1,7.925,2.188856327665703,2,7.8542,0.0708000000000002,0,0.0
394,1,1,female,113.275,3,37.75833333333333,3.657345786442051,2,35.25,2.508333333333333,1,3.657345786442051
395,1,3,female,16.7,2,8.35,2.2353763433005955,3,7.8542,0.4958,1,2.2353763433005955
396,0,3,male,7.7958,1,7.7958,2.174274334826008,1,7.8542,-0.058399999999999785,0,0.0
397,0,3,female,7.8542,1,7.8542,2.180891922715322,1,7.8542,0.0,0,0.0
398,0,2,male,26.0,2,13.0,2.6390573296152584,1,13.0,0.0,0,0.0
399,0,2,male,10.5,1,10.5,2.4423470353692043,0,13.0,-2.5,0,0.0
400,1,2,female,12.65,1,12.65,2.613739521630969,1,13.0,-0.34999999999999964,0,0.0
401,1,3,male,7.925,1,7.925,2.188856327665703,2,7.8542,0.0708000000000002,0,0.0
402,0,3,male,8.05,1,8.05,2.2027647577118348,2,7.8542,0.19580000000000108,0,0.0
403,0,3,female,9.825,1,9.825,2.3818582738885534,3,7.8542,1.9707999999999997,0,0.0
404,0,3,male,15.85,2,7.925,2.188856327665703,2,7.8542,0.0708000000000002,0,0.0
405,0,3,female,8.6625,1,8.6625,2.2682524139135403,3,7.8542,0.8083,0,0.0
406,0,2,male,21.0,1,21.0,3.091042453358316,3,13.0,8.0,0,0.0
407,0,3,male,7.75,1,7.75,2.169053700369523,1,7.8542,-0.10419999999999963,0,0.0
408,1,2,male,18.75,3,6.25,1.9810014688665833,0,13.0,-6.75,0,0.0
409,0,3,male,7.775,1,7.775,2.1719067693519296,1,7.8542,-0.07919999999999927,0,0.0
410,0,3,female,25.4667,4,6.366675,1.9969664510766771,0,7.8542,-1.4875249999999998,0,0.0
411,0,3,male,7.8958,1,7.8958,2.1855792552411137,2,7.8542,0.04160000000000075,0,0.0
412,0,3,male,6.8583,1,6.8583,2.061570298060867,0,7.8542,-0.9958999999999998,0,0.0
413,1,1,female,90.0,2,45.0,3.828641396489095,2,35.25,9.75,1,3.828641396489095
414,0,2,male,0.0,3,0.0,0.0,0,13.0,-13.0,0,0.0
415,1,3,male,7.925,1,7.925,2.188856327665703,2,7.8542,0.0708000000000002,0,0.0
416,0,3,female,8.05,1,8.05,2.2027647577118348,2,7.8542,0.19580000000000108,0,0.0
417,1,2,female,32.5,1,32.5,3.5115454388310208,3,13.0,19.5,0,0.0
418,1,2,female,13.0,1,13.0,2.6390573296152584,1,13.0,0.0,0,0.0
419,0,2,male,13.0,1,13.0,2.6390573296152584,1,13.0,0.0,0,0.0
420,0,3,female,24.15,3,8.049999999999999,2.2027647577118348,2,7.8542,0.1957999999999993,0,0.0
421,0,3,male,7.8958,1,7.8958,2.1855792552411137,2,7.8542,0.04160000000000075,0,0.0
422,0,3,male,7.7333,1,7.7333,2.167143305297764,1,7.8542,-0.12089999999999979,0,0.0
423,0,3,male,7.875,1,7.875,2.1832383353614797,2,7.8542,0.020800000000000374,0,0.0
424,0,3,female,14.4,2,7.2,2.1041341542702074,0,7.8542,-0.6541999999999994,0,0.0
425,0,3,male,20.2125,2,10.10625,2.4075080129208244,3,7.8542,2.2520499999999997,0,0.0
426,0,3,male,7.25,1,7.25,2.1102132003465894,0,7.8542,-0.6041999999999996,0,0.0
427,1,2,female,26.0,1,26.0,3.295836866004329,3,13.0,13.0,0,0.0
428,1,2,female,26.0,2,13.0,2.6390573296152584,1,13.0,0.0,0,0.0
429,0,3,male,7.75,1,7.75,2.169053700369523,1,7.8542,-0.10419999999999963,0,0.0
430,1,3,male,8.05,1,8.05,2.2027647577118348,2,7.8542,0.19580000000000108,1,2.2027647577118348
431,1,1,male,26.55,1,26.55,3.3160025355989236,0,35.25,-8.7,1,3.3160025355989236
432,1,3,female,16.1,2,8.05,2.2027647577118348,2,7.8542,0.19580000000000108,0,0.0
433,1,2,female,26.0,1,26.0,3.295836866004329,3,13.0,13.0,0,0.0
434,0,3,male,7.125,1,7.125,2.094945728215801,0,7.8542,-0.7291999999999996,0,0.0
435,0,1,male,55.9,2,27.95,3.3655702040190043,1,35.25,-7.300000000000001,1,3.3655702040190043
436,1,1,female,120.0,4,30.0,3.4339872044851463,1,35.25,-5.25,1,3.4339872044851463
437,0,3,female,34.375,4,8.59375,2.2611118447874707,3,7.8542,0.7395500000000004,0,0.0
438,1,2,female,18.75,3,6.25,1.9810014688665833,0,13.0,-6.75,0,0.0
439,0,1,male,263.0,4,65.75,4.200954297280359,3,35.25,30.5,1,4.200954297280359
440,0,2,male,10.5,1,10.5,2.4423470353692043,0,13.0,-2.5,0,0.0
441,1,2,female,26.25,3,8.75,2.277267285009756,0,13.0,-4.25,0,0.0
442,0,3,male,9.5,1,9.5,2.3513752571634776,3,7.8542,1.6458000000000004,0,0.0
443,0,3,male,7.775,1,7.775,2.1719067693519296,1,7.8542,-0.07919999999999927,0,0.0
444,1,2,female,13.0,1,13.0,2.6390573296152584,1,13.0,0.0,0,0.0
445,1,3,male,8.1125,1,8.1125,2.2096470973347766,3,7.8542,0.2583000000000011,0,0.0
446,1,1,male,81.8583,1,81.8583,4.417131919904876,3,35.25,46.6083,1,4.417131919904876
447,1,2,female,19.5,2,9.75,2.3749057545736716,0,13.0,-3.25,0,0.0
448,1,1,male,26.55,1,26.55,3.3160025355989236,0,35.25,-8.7,0,0.0
449,1,3,female,19.2583,4,4.814575,1.7603676964552861,0,7.8542,-3.039625,0,0.0
450,1,1,male,30.5,1,30.5,3.449987545831587,1,35.25,-4.75,1,3.449987545831587
451,0,2,male,27.75,3,9.25,2.327277705584417,0,13.0,-3.75,0,0.0
452,0,3,male,19.9667,1,19.9667,3.0429354648621407,3,7.8542,12.1125,0,0.0
453,0,1,male,27.75,1,27.75,3.3586377672433594,1,35.25,-7.5,1,3.3586377672433594
454,1,1,male,89.1042,2,44.5521,3.8188567258265635,2,35.25,9.302100000000003,1,3.8188567258265635
455,0,3,male,8.05,1,8.05,2.2027647577118348,2,7.8542,0.19580000000000108,0,0.0
456,1,3,male,7.8958,1,7.8958,2.1855792552411137,2,7.8542,0.04160000000000075,0,0.0
457,0,1,male,26.55,1,26.55,3.3160025355989236,0,35.25,-8.7,1,3.3160025355989236
458,1,1,female,51.8625,1,51.8625,3.967694202798607,3,35.25,16.612499999999997,1,3.967694202798607
459,1,2,female,10.5,1,10.5,2.4423470353692043,0,13.0,-2.5,0,0.0
460,0,3,male,7.75,1,7.75,2.169053700369523,1,7.8542,-0.10419999999999963,0,0.0
461,1,1,male,26.55,1,26.55,3.3160025355989236,0,35.25,-8.7,1,3.3160025355989236
462,0,3,male,8.05,1,8.05,2.2027647577118348,2,7.8542,0.19580000000000108,0,0.0
463,0,1,male,38.5,1,38.5,3.676300671907076,2,35.25,3.25,1,3.676300671907076
464,0,2,male,13.0,1,13.0,2.6390573296152584,1,13.0,0.0,0,0.0
465,0,3,male,8.05,1,8.05,2.2027647577118348,2,7.8542,0.19580000000000108,0,0.0
466,0,3,male,7.05,1,7.05,2.0856720914304723,0,7.8542,-0.8041999999999998,0,0.0
467,0,2,male,0.0,3,0.0,0.0,0,13.0,-13.0,0,0.0
468,0,1,male,26.55,1,26.55,3.3160025355989236,0,35.25,-8.7,0,0.0
469,0,3,male,7.725,1,7.725,2.1661924680884908,1,7.8542,-0.12919999999999998,0,0.0
470,1,3,female,19.2583,4,4.814575,1.7603676964552861,0,7.8542,-3.039625,0,0.0
471,0,3,male,7.25,1,7.25,2.1102132003465894,0,7.8542,-0.6041999999999996,0,0.0
472,0,3,male,8.6625,1,8.6625,2.2682524139135403,3,7.8542,0.8083,0,0.0
473,1,2,female,27.75,3,9.25,2.327277705584417,0,13.0,-3.75,0,0.0
474,1,2,female,13.7917,1,13.7917,2.694066212646058,2,13.0,0.7917000000000005,1,2.694066212646058
475,0,3,female,9.8375,1,9.8375,2.3830123421066602,3,7.8542,1.9833000000000007,0,0.0
476,0,1,male,52.0,2,26.0,3.295836866004329,0,35.25,-9.25,1,3.295836866004329
477,0,2,male,21.0,2,10.5,2.4423470353692043,0,13.0,-2.5,0,0.0
478,0,3,male,7.0458,1,7.0458,2.0851502161468174,0,7.8542,-0.8083999999999998,0,0.0
479,0,3,male,7.5208,1,7.5208,2.142510233146819,1,7.8542,-0.33339999999999925,0,0.0
480,1,3,female,12.2875,1,12.2875,2.586823743668066,3,7.8542,4.4333,0,0.0
481,0,3,male,46.9,6,7.816666666666666,2.1766438696361985,1,7.8542,-0.037533333333333196,0,0.0
482,0,2,male,0.0,1,0.0,0.0,0,13.0,-13.0,0,0.0
483,0,3,male,8.05,1,8.05,2.2027647577118348,2,7.8542,0.19580000000000108,0,0.0
484,1,3,female,9.5875,1,9.5875,2.3596740599781727,3,7.8542,1.7333000000000007,0,0.0
485,1,1,male,91.0792,2,45.5396,3.8403035630800124,2,35.25,10.2896,1,3.8403035630800124
486,0,3,female,25.4667,4,6.366675,1.9969664510766771,0,7.8542,-1.4875249999999998,0,0.0
487,1,1,female,90.0,2,45.0,3.828641396489095,2,35.25,9.75,1,3.828641396489095
488,0,1,male,29.7,1,29.7,3.4242626545931514,1,35.25,-5.550000000000001,1,3.4242626545931514
489,0,3,male,8.05,1,8.05,2.2027647577118348,2,7.8542,0.19580000000000108,0,0.0
490,1,3,male,15.9,2,7.95,2.191653532286764,2,7.8542,0.09580000000000055,0,0.0
491,0,3,male,19.9667,1,19.9667,3.0429354648621407,3,7.8542,12.1125,0,0.0
492,0,3,male,7.25,1,7.25,2.1102132003465894,0,7.8542,-0.6041999999999996,0,0.0
493,0,1,male,30.5,1,30.5,3.449987545831587,1,35.25,-4.75,1,3.449987545831587
494,0,1,male,49.5042,1,49.5042,3.922056501139853,2,35.25,14.254199999999997,0,0.0
495,0,3,male,8.05,1,8.05,2.2027647577118348,2,7.8542,0.19580000000000108,0,0.0
496,0,3,male,14.4583,2,7.22915,2.107682728674724,0,7.8542,-0.6250499999999999,0,0.0
497,1,1,female,78.2667,2,39.13335,3.6922076594889166,2,35.25,3.88335,1,3.6922076594889166
498,0,3,male,15.1,1,15.1,2.7788192719904172,3,7.8542,7.2458,0,0.0
499,0,1,female,151.55,4,37.8875,3.6606728622237554,2,35.25,2.637500000000003,1,3.6606728622237554
500,0,3,male,7.7958,1,7.7958,2.174274334826008,1,7.8542,-0.058399999999999785,0,0.0
501,0,3,male,8.6625,1,8.6625,2.2682524139135403,3,7.8542,0.8083,0,0.0
502,0,3,female,7.75,1,7.75,2.169053700369523,1,7.8542,-0.10419999999999963,0,0.0
503,0,3,female,7.6292,1,7.6292,2.155151800914312,1,7.8542,-0.22499999999999964,0,0.0
504,0,3,female,9.5875,1,9.5875,2.3596740599781727,3,7.8542,1.7333000000000007,0,0.0
505,1,1,female,86.5,3,28.833333333333332,3.3956263366127,1,35.25,-6.416666666666668,1,3.3956263366127
506,0,1,male,108.9,2,54.45,4.015481713796376,3,35.25,19.200000000000003,1,4.015481713796376
507,1,2,female,26.0,2,13.0,2.6390573296152584,1,13.0,0.0,0,0.0
508,1,1,male,26.55,1,26.55,3.3160025355989236,0,35.25,-8.7,0,0.0
509,0,3,male,22.525,1,22.525,3.1580636854714434,3,7.8542,14.6708,0,0.0
510,1,3,male,56.4958,7,8.070828571428573,2.2050636129235883,3,7.8542,0.21662857142857295,0,0.0
511,1,3,male,7.75,1,7.75,2.169053700369523,1,7.8542,-0.10419999999999963,0,0.0
512,0,3,male,8.05,1,8.05,2.2027647577118348,2,7.8542,0.19580000000000108,0,0.0
513,1,1,male,26.2875,1,26.2875,3.3064287218760624,0,35.25,-8.962499999999999,1,3.3064287218760624
514,1,1,female,59.4,1,59.4,4.100989104940769,3,35.25,24.15,0,0.0
515,0,3,male,7.4958,1,7.4958,2.139571923732859,1,7.8542,-0.3583999999999996,0,0.0
516,0,1,male,34.0208,1,34.0208,3.5559421706858756,1,35.25,-1.2291999999999987,1,3.5559421706858756
517,1,2,female,10.5,1,10.5,2.4423470353692043,0,13.0,-2.5,1,2.4423470353692043
518,0,3,male,24.15,3,8.049999999999999,2.2027647577118348,2,7.8542,0.1957999999999993,0,0.0
519,1,2,female,26.0,1,26.0,3.295836866004329,3,13.0,13.0,0,0.0
520,0,3,male,7.8958,1,7.8958,2.1855792552411137,2,7.8542,0.04160000000000075,0,0.0
521,1,1,female,93.5,2,46.75,3.865979066926739,2,35.25,11.5,1,3.865979066926739
522,0,3,male,7.8958,1,7.8958,2.1855792552411137,2,7.8542,0.04160000000000075,0,0.0
523,0,3,male,7.225,1,7.225,2.1071782966514356,0,7.8542,-0.6292,0,0.0
524,1,1,female,57.9792,2,28.9896,3.400850654892709,1,35.25,-6.260400000000001,1,3.400850654892709
525,0,3,male,7.2292,1,7.2292,2.1076888046179385,0,7.8542,-0.625,0,0.0
526,0,3,male,7.75,1,7.75,2.169053700369523,1,7.8542,-0.10419999999999963,0,0.0
527,1,2,female,10.5,1,10.5,2.4423470353692043,0,13.0,-2.5,0,0.0
528,0,1,male,221.7792,1,221.7792,5.406181146423973,3,35.25,186.5292,1,5.406181146423973
529,0,3,male,7.925,1,7.925,2.188856327665703,2,7.8542,0.0708000000000002,0,0.0
530,0,2,male,11.5,1,11.5,2.5257286443082556,1,13.0,-1.5,0,0.0
531,1,2,female,26.0,2,13.0,2.6390573296152584,1,13.0,0.0,0,0.0
532,0,3,male,7.2292,1,7.2292,2.1076888046179385,0,7.8542,-0.625,0,0.0
533,0,3,male,7.2292,1,7.2292,2.1076888046179385,0,7.8542,-0.625,0,0.0
534,1,3,female,22.3583,2,11.17915,2.4997254733112535,3,7.8542,3.3249500000000003,0,0.0
535,0,3,female,8.6625,1,8.6625,2.2682524139135403,3,7.8542,0.8083,0,0.0
536,1,2,female,26.25,3,8.75,2.277267285009756,0,13.0,-4.25,0,0.0
537,0,1,male,26.55,1,26.55,3.3160025355989236,0,35.25,-8.7,1,3.3160025355989236
538,1,1,female,106.425,2,53.2125,3.9929115091614844,3,35.25,17.9625,0,0.0
539,0,3,male,14.5,1,14.5,2.740840023925201,3,7.8542,6.6458,0,0.0
540,1,1,female,49.5,1,49.5,3.9219733362813143,2,35.25,14.25,1,3.9219733362813143
541,1,1,female,71.0,2,35.5,3.597312260588446,2,35.25,0.25,1,3.597312260588446
542,0,3,female,31.275,7,4.4678571428571425,1.698886792488434,0,7.8542,-3.386342857142857,0,0.0
543,0,3,female,31.275,7,4.4678571428571425,1.698886792488434,0,7.8542,-3.386342857142857,0,0.0
544,1,2,male,26.0,2,13.0,2.6390573296152584,1,13.0,0.0,0,0.0
545,0,1,male,106.425,2,53.2125,3.9929115091614844,3,35.25,17.9625,1,3.9929115091614844
546,0,1,male,26.0,1,26.0,3.295836866004329,0,35.25,-9.25,0,0.0
547,1,2,female,26.0,2,13.0,2.6390573296152584,1,13.0,0.0,0,0.0
548,1,2,male,13.8625,1,13.8625,2.6988412620169004,3,13.0,0.8625000000000007,0,0.0
549,0,3,male,20.525,3,6.841666666666666,2.0594513968033334,0,7.8542,-1.0125333333333337,0,0.0
550,1,2,male,36.75,2,18.375,2.9639835752394106,3,13.0,5.375,0,0.0
551,1,1,male,110.8833,4,27.720825,3.3576224693941916,1,35.25,-7.529174999999999,1,3.3576224693941916
552,0,2,male,26.0,1,26.0,3.295836866004329,3,13.0,13.0,0,0.0
553,0,3,male,7.8292,1,7.8292,2.17806441028492,1,7.8542,-0.024999999999999467,0,0.0
554,1,3,male,7.225,1,7.225,2.1071782966514356,0,7.8542,-0.6292,0,0.0
555,1,3,female,7.775,1,7.775,2.1719067693519296,1,7.8542,-0.07919999999999927,0,0.0
556,0,1,male,26.55,1,26.55,3.3160025355989236,0,35.25,-8.7,0,0.0
557,1,1,female,39.6,1,39.6,3.703768066607687,2,35.25,4.350000000000001,1,3.703768066607687
558,0,1,male,227.525,4,56.88125,4.058393497936442,3,35.25,21.63125,0,0.0
559,1,1,female,79.65,3,26.55,3.3160025355989236,0,35.25,-8.7,1,3.3160025355989236
560,1,3,female,17.4,1,17.4,2.91235066461494,3,7.8542,9.5458,0,0.0
561,0,3,male,7.75,1,7.75,2.169053700369523,1,7.8542,-0.10419999999999963,0,0.0
562,0,3,male,7.8958,1,7.8958,2.1855792552411137,2,7.8542,0.04160000000000075,0,0.0
563,0,2,male,13.5,1,13.5,2.6741486494265287,2,13.0,0.5,0,0.0
564,0,3,male,8.05,1,8.05,2.2027647577118348,2,7.8542,0.19580000000000108,0,0.0
565,0,3,female,8.05,1,8.05,2.2027647577118348,2,7.8542,0.19580000000000108,0,0.0
566,0,3,male,24.15,2,12.075,2.5707020099509865,3,7.8542,4.2208,0,0.0
567,0,3,male,7.8958,1,7.8958,2.1855792552411137,2,7.8542,0.04160000000000075,0,0.0
568,0,3,female,21.075,4,5.26875,1.8355769727281086,0,7.8542,-2.58545,0,0.0
569,0,3,male,7.2292,1,7.2292,2.1076888046179385,0,7.8542,-0.625,0,0.0
570,1,3,male,7.8542,1,7.8542,2.180891922715322,1,7.8542,0.0,0,0.0
571,1,2,male,10.5,1,10.5,2.4423470353692043,0,13.0,-2.5,0,0.0
572,1,1,female,51.4792,1,51.4792,3.960416900617205,3,35.25,16.2292,1,3.960416900617205
573,1,1,male,26.3875,1,26.3875,3.3100867049215847,0,35.25,-8.8625,1,3.3100867049215847
574,1,3,female,7.75,1,7.75,2.169053700369523,1,7.8542,-0.10419999999999963,0,0.0
575,0,3,male,8.05,1,8.05,2.2027647577118348,2,7.8542,0.19580000000000108,0,0.0
576,0,3,male,14.5,2,7.25,2.1102132003465894,0,7.8542,-0.6041999999999996,0,0.0
577,1,2,female,13.0,1,13.0,2.6390573296152584,1,13.0,0.0,0,0.0
578,1,1,female,55.9,2,27.95,3.3655702040190043,1,35.25,-7.300000000000001,1,3.3655702040190043
579,0,3,female,14.4583,1,14.4583,2.738146075922933,3,7.8542,6.6041,0,0.0
580,1,3,male,7.925,1,7.925,2.188856327665703,2,7.8542,0.0708000000000002,0,0.0
581,1,2,female,30.0,1,30.0,3.4339872044851463,3,13.0,17.0,0,0.0
582,1,1,female,110.8833,4,27.720825,3.3576224693941916,1,35.25,-7.529174999999999,1,3.3576224693941916
583,0,2,male,26.0,2,13.0,2.6390573296152584,1,13.0,0.0,0,0.0
584,0,1,male,40.125,1,40.125,3.716616209085536,2,35.25,4.875,1,3.716616209085536
585,0,3,male,8.7125,1,8.7125,2.2734137156937657,3,7.8542,0.8583000000000007,0,0.0
586,1,1,female,79.65,3,26.55,3.3160025355989236,0,35.25,-8.7,1,3.3160025355989236
587,0,2,male,15.0,1,15.0,2.772588722239781,3,13.0,2.0,0,0.0
588,1,1,male,79.2,1,79.2,4.384523514872469,3,35.25,43.95,1,4.384523514872469
589,0,3,male,8.05,1,8.05,2.2027647577118348,2,7.8542,0.19580000000000108,0,0.0
590,0,3,male,8.05,1,8.05,2.2027647577118348,2,7.8542,0.19580000000000108,0,0.0
591,0,3,male,7.125,1,7.125,2.094945728215801,0,7.8542,-0.7291999999999996,0,0.0
592,1,1,female,78.2667,2,39.13335,3.6922076594889166,2,35.25,3.88335,1,3.6922076594889166
593,0,3,male,7.25,1,7.25,2.1102132003465894,0,7.8542,-0.6041999999999996,0,0.0
594,0,3,female,7.75,1,7.75,2.169053700369523,1,7.8542,-0.10419999999999963,0,0.0
595,0,2,male,26.0,1,26.0,3.295836866004329,3,13.0,13.0,0,0.0
596,0,3,male,24.15,3,8.049999999999999,2.2027647577118348,2,7.8542,0.1957999999999993,0,0.0
597,1,2,female,33.0,3,11.0,2.4849066497880004,1,13.0,-2.0,0,0.0
598,0,3,male,0.0,4,0.0,0.0,0,7.8542,-7.8542,0,0.0
599,0,3,male,7.225,1,7.225,2.1071782966514356,0,7.8542,-0.6292,0,0.0
600,1,1,male,56.9292,2,28.4646,3.383189542769255,1,35.25,-6.785399999999999,1,3.383189542769255
601,1,2,female,27.0,2,13.5,2.6741486494265287,2,13.0,0.5,0,0.0
602,0,3,male,7.8958,1,7.8958,2.1855792552411137,2,7.8542,0.04160000000000075,0,0.0
603,0,1,male,42.4,1,42.4,3.770459441106359,2,35.25,7.149999999999999,0,0.0
604,0,3,male,8.05,1,8.05,2.2027647577118348,2,7.8542,0.19580000000000108,0,0.0
605,1,1,male,26.55,1,26.55,3.3160025355989236,0,35.25,-8.7,0,0.0
606,0,3,male,15.55,1,15.55,2.806386101823072,3,7.8542,7.695800000000001,0,0.0
607,0,3,male,7.8958,1,7.8958,2.1855792552411137,2,7.8542,0.04160000000000075,0,0.0
608,1,1,male,30.5,1,30.5,3.449987545831587,1,35.25,-4.75,0,0.0
609,1,2,female,41.5792,3,13.859733333333333,2.698655093861659,3,13.0,0.8597333333333328,0,0.0
610,1,1,female,153.4625,3,51.15416666666667,3.9542040759860324,3,35.25,15.904166666666669,1,3.9542040759860324
611,0,3,female,31.275,7,4.4678571428571425,1.698886792488434,0,7.8542,-3.386342857142857,0,0.0
612,0,3,male,7.05,1,7.05,2.0856720914304723,0,7.8542,-0.8041999999999998,0,0.0
613,1,3,female,15.5,2,7.75,2.169053700369523,1,7.8542,-0.10419999999999963,0,0.0
614,0,3,male,7.75,1,7.75,2.169053700369523,1,7.8542,-0.10419999999999963,0,0.0
615,0,3,male,8.05,1,8.05,2.2027647577118348,2,7.8542,0.19580000000000108,0,0.0
616,1,2,female,65.0,2,32.5,3.5115454388310208,3,13.0,19.5,0,0.0
617,0,3,male,14.4,2,7.2,2.1041341542702074,0,7.8542,-0.6541999999999994,0,0.0
618,0,3,female,16.1,2,8.05,2.2027647577118348,2,7.8542,0.19580000000000108,0,0.0
619,1,2,female,39.0,2,19.5,3.0204248861443626,3,13.0,6.5,1,3.0204248861443626
620,0,2,male,10.5,1,10.5,2.4423470353692043,0,13.0,-2.5,0,0.0
621,0,3,male,14.4542,2,7.2271,2.107433583211985,0,7.8542,-0.6270999999999995,0,0.0
622,1,1,male,52.5542,1,52.5542,3.9806942251907276,3,35.25,17.3042,1,3.9806942251907276
623,1,3,male,15.7417,2,7.87085,2.182770620366069,2,7.8542,0.016650000000000276,0,0.0
624,0,3,male,7.8542,1,7.8542,2.180891922715322,1,7.8542,0.0,0,0.0
625,0,3,male,16.1,2,8.05,2.2027647577118348,2,7.8542,0.19580000000000108,0,0.0
626,0,1,male,32.3208,1,32.3208,3.5061818266142577,1,35.25,-2.9292000000000016,1,3.5061818266142577
627,0,2,male,12.35,1,12.35,2.5915163848462583,1,13.0,-0.6500000000000004,0,0.0
628,1,1,female,77.9583,3,25.986099999999997,3.2953219186268687,0,35.25,-9.263900000000003,1,3.2953219186268687
629,0,3,male,7.8958,1,7.8958,2.1855792552411137,2,7.8542,0.04160000000000075,0,0.0
630,0,3,male,7.7333,1,7.7333,2.167143305297764,1,7.8542,-0.12089999999999979,0,0.0
631,1,1,male,30.0,1,30.0,3.4339872044851463,1,35.25,-5.25,1,3.4339872044851463
632,0,3,male,7.0542,1,7.0542,2.086193694502369,0,7.8542,-0.7999999999999998,0,0.0
633,1,1,male,30.5,1,30.5,3.449987545831587,1,35.25,-4.75,1,3.449987545831587
634,0,1,male,0.0,1,0.0,0.0,0,35.25,-35.25,0,0.0
635,0,3,female,27.9,6,4.6499999999999995,1.7316555451583495,0,7.8542,-3.2042,0,0.0
636,1,2,female,13.0,1,13.0,2.6390573296152584,1,13.0,0.0,0,0.0
637,0,3,male,7.925,1,7.925,2.188856327665703,2,7.8542,0.0708000000000002,0,0.0
638,0,2,male,26.25,3,8.75,2.277267285009756,0,13.0,-4.25,0,0.0
639,0,3,female,39.6875,6,6.614583333333333,2.0300652682819424,0,7.8542,-1.2396166666666666,0,0.0
640,0,3,male,16.1,2,8.05,2.2027647577118348,2,7.8542,0.19580000000000108,0,0.0
641,0,3,male,7.8542,1,7.8542,2.180891922715322,1,7.8542,0.0,0,0.0
642,1,1,female,69.3,2,34.65,3.573749146860305,1,35.25,-0.6000000000000014,1,3.573749146860305
643,0,3,female,27.9,6,4.6499999999999995,1.7316555451583495,0,7.8542,-3.2042,0,0.0
644,1,3,male,56.4958,7,8.070828571428573,2.2050636129235883,3,7.8542,0.21662857142857295,0,0.0
645,1,3,female,19.2583,4,4.814575,1.7603676964552861,0,7.8542,-3.039625,0,0.0
646,1,1,male,76.7292,3,25.576400000000003,3.280023603931663,0,35.25,-9.673599999999997,1,3.280023603931663
647,0,3,male,7.8958,1,7.8958,2.1855792552411137,2,7.8542,0.04160000000000075,0,0.0
648,1,1,male,35.5,1,35.5,3.597312260588446,2,35.25,0.25,1,3.597312260588446
649,0,3,male,7.55,1,7.55,2.145931282948669,1,7.8542,-0.3041999999999998,0,0.0
650,1,3,female,7.55,1,7.55,2.145931282948669,1,7.8542,-0.3041999999999998,0,0.0
651,0,3,male,7.8958,1,7.8958,2.1855792552411137,2,7.8542,0.04160000000000075,0,0.0
652,1,2,female,23.0,2,11.5,2.5257286443082556,1,13.0,-1.5,0,0.0
653,0,3,male,8.4333,1,8.4333,2.2442459824059346,3,7.8542,0.5790999999999995,0,0.0
654,1,3,female,7.8292,1,7.8292,2.17806441028492,1,7.8542,-0.024999999999999467,0,0.0
655,0,3,female,6.75,1,6.75,2.0476928433652555,0,7.8542,-1.1041999999999996,0,0.0
656,0,2,male,73.5,5,14.7,2.7536607123542622,3,13.0,1.6999999999999993,0,0.0
657,0,3,male,7.8958,1,7.8958,2.1855792552411137,2,7.8542,0.04160000000000075,0,0.0
658,0,3,female,15.5,2,7.75,2.169053700369523,1,7.8542,-0.10419999999999963,0,0.0
659,0,2,male,13.0,1,13.0,2.6390573296152584,1,13.0,0.0,0,0.0
660,0,1,male,113.275,3,37.75833333333333,3.657345786442051,2,35.25,2.508333333333333,1,3.657345786442051
661,1,1,male,133.65,2,66.825,4.216930858544996,3,35.25,31.575000000000003,0,0.0
662,0,3,male,7.225,1,7.225,2.1071782966514356,0,7.8542,-0.6292,0,0.0
663,0,1,male,25.5875,1,25.5875,3.2804411805263554,0,35.25,-9.662500000000001,1,3.2804411805263554
664,0,3,male,7.4958,1,7.4958,2.139571923732859,1,7.8542,-0.3583999999999996,0,0.0
665,1,3,male,7.925,1,7.925,2.188856327665703,2,7.8542,0.0708000000000002,0,0.0
666,0,2,male,73.5,5,14.7,2.7536607123542622,3,13.0,1.6999999999999993,0,0.0
667,0,2,male,13.0,1,13.0,2.6390573296152584,1,13.0,0.0,0,0.0
668,0,3,male,7.775,1,7.775,2.1719067693519296,1,7.8542,-0.07919999999999927,0,0.0
669,0,3,male,8.05,1,8.05,2.2027647577118348,2,7.8542,0.19580000000000108,0,0.0
670,1,1,female,52.0,2,26.0,3.295836866004329,0,35.25,-9.25,1,3.295836866004329
671,1,2,female,39.0,2,19.5,3.0204248861443626,3,13.0,6.5,0,0.0
672,0,1,male,52.0,1,52.0,3.970291913552122,3,35.25,16.75,1,3.970291913552122
673,0,2,male,10.5,1,10.5,2.4423470353692043,0,13.0,-2.5,0,0.0
674,1,2,male,13.0,1,13.0,2.6390573296152584,1,13.0,0.0,0,0.0
675,0,2,male,0.0,1,0.0,0.0,0,13.0,-13.0,0,0.0
676,0,3,male,7.775,1,7.775,2.1719067693519296,1,7.8542,-0.07919999999999927,0,0.0
677,0,3,male,8.05,1,8.05,2.2027647577118348,2,7.8542,0.19580000000000108,0,0.0
678,1,3,female,9.8417,1,9.8417,2.3833998102837652,3,7.8542,1.9874999999999998,0,0.0
679,0,3,female,46.9,6,7.816666666666666,2.1766438696361985,1,7.8542,-0.037533333333333196,0,0.0
680,1,1,male,512.3292,3,170.7764,5.146193631080405,3,35.25,135.5264,1,5.146193631080405
681,0,3,female,8.1375,1,8.1375,2.212386825075897,3,7.8542,0.28329999999999966,0,0.0
682,1,1,male,76.7292,3,25.576400000000003,3.280023603931663,0,35.25,-9.673599999999997,1,3.280023603931663
683,0,3,male,9.225,1,9.225,2.3248357019288655,3,7.8542,1.3708,0,0.0
684,0,3,male,46.9,6,7.816666666666666,2.1766438696361985,1,7.8542,-0.037533333333333196,0,0.0
685,0,2,male,39.0,2,19.5,3.0204248861443626,3,13.0,6.5,0,0.0
686,0,2,male,41.5792,3,13.859733333333333,2.698655093861659,3,13.0,0.8597333333333328,0,0.0
687,0,3,male,39.6875,6,6.614583333333333,2.0300652682819424,0,7.8542,-1.2396166666666666,0,0.0
688,0,3,male,10.1708,1,10.1708,2.4133032309283076,3,7.8542,2.3166,0,0.0
689,0,3,male,7.7958,1,7.7958,2.174274334826008,1,7.8542,-0.058399999999999785,0,0.0
690,1,1,female,211.3375,3,70.44583333333334,4.2689395868368605,3,35.25,35.19583333333334,1,4.2689395868368605
691,1,1,male,57.0,2,28.5,3.3843902633457743,1,35.25,-6.75,1,3.3843902633457743
692,1,3,female,13.4167,1,13.4167,2.668387256845834,3,7.8542,5.562500000000001,0,0.0
693,1,3,male,56.4958,7,8.070828571428573,2.2050636129235883,3,7.8542,0.21662857142857295,0,0.0
694,0,3,male,7.225,1,7.225,2.1071782966514356,0,7.8542,-0.6292,0,0.0
695,0,1,male,26.55,1,26.55,3.3160025355989236,0,35.25,-8.7,0,0.0
696,0,2,male,13.5,1,13.5,2.6741486494265287,2,13.0,0.5,0,0.0
697,0,3,male,8.05,1,8.05,2.2027647577118348,2,7.8542,0.19580000000000108,0,0.0
698,1,3,female,7.7333,1,7.7333,2.167143305297764,1,7.8542,-0.12089999999999979,0,0.0
699,0,1,male,110.8833,4,27.720825,3.3576224693941916,1,35.25,-7.529174999999999,1,3.3576224693941916
700,0,3,male,7.65,1,7.65,2.157559320943788,1,7.8542,-0.20419999999999927,1,2.157559320943788
701,1,1,female,227.525,4,56.88125,4.058393497936442,3,35.25,21.63125,1,4.058393497936442
702,1,1,male,26.2875,1,26.2875,3.3064287218760624,0,35.25,-8.962499999999999,1,3.3064287218760624
703,0,3,female,14.4542,2,7.2271,2.107433583211985,0,7.8542,-0.6270999999999995,0,0.0
704,0,3,male,7.7417,1,7.7417,2.1681046787623672,1,7.8542,-0.11249999999999982,0,0.0
705,0,3,male,7.8542,1,7.8542,2.180891922715322,1,7.8542,0.0,0,0.0
706,0,2,male,26.0,2,13.0,2.6390573296152584,1,13.0,0.0,0,0.0
707,1,2,female,13.5,1,13.5,2.6741486494265287,2,13.0,0.5,0,0.0
708,1,1,male,26.2875,1,26.2875,3.3064287218760624,0,35.25,-8.962499999999999,1,3.3064287218760624
709,1,1,female,151.55,4,37.8875,3.6606728622237554,2,35.25,2.637500000000003,0,0.0
710,1,3,male,15.2458,2,7.6229,2.15442145501091,1,7.8542,-0.23130000000000006,0,0.0
711,1,1,female,49.5042,1,49.5042,3.922056501139853,2,35.25,14.254199999999997,1,3.922056501139853
712,0,1,male,26.55,1,26.55,3.3160025355989236,0,35.25,-8.7,1,3.3160025355989236
713,1,1,male,52.0,2,26.0,3.295836866004329,0,35.25,-9.25,1,3.295836866004329
714,0,3,male,9.4833,1,9.4833,2.3497835148230464,3,7.8542,1.6291000000000002,0,0.0
715,0,2,male,13.0,2,6.5,2.0149030205422647,0,13.0,-6.5,0,0.0
716,0,3,male,7.65,1,7.65,2.157559320943788,1,7.8542,-0.20419999999999927,1,2.157559320943788
717,1,1,female,227.525,4,56.88125,4.058393497936442,3,35.25,21.63125,1,4.058393497936442
718,1,2,female,10.5,1,10.5,2.4423470353692043,0,13.0,-2.5,1,2.4423470353692043
719,0,3,male,15.5,1,15.5,2.803360380906535,3,7.8542,7.6458,0,0.0
720,0,3,male,7.775,1,7.775,2.1719067693519296,1,7.8542,-0.07919999999999927,0,0.0
721,1,2,female,33.0,3,11.0,2.4849066497880004,1,13.0,-2.0,0,0.0
722,0,3,male,7.0542,1,7.0542,2.086193694502369,0,7.8542,-0.7999999999999998,0,0.0
723,0,2,male,13.0,1,13.0,2.6390573296152584,1,13.0,0.0,0,0.0
724,0,2,male,13.0,1,13.0,2.6390573296152584,1,13.0,0.0,0,0.0
725,1,1,male,53.1,2,26.55,3.3160025355989236,0,35.25,-8.7,1,3.3160025355989236
726,0,3,male,8.6625,1,8.6625,2.2682524139135403,3,7.8542,0.8083,0,0.0
727,1,2,female,21.0,2,10.5,2.4423470353692043,0,13.0,-2.5,0,0.0
728,1,3,female,7.7375,1,7.7375,2.1676241075599285,1,7.8542,-0.1166999999999998,0,0.0
729,0,2,male,26.0,1,26.0,3.295836866004329,3,13.0,13.0,0,0.0
730,0,3,female,7.925,1,7.925,2.188856327665703,2,7.8542,0.0708000000000002,0,0.0
731,1,1,female,211.3375,3,70.44583333333334,4.2689395868368605,3,35.25,35.19583333333334,1,4.2689395868368605
732,0,3,male,18.7875,2,9.39375,2.341204663959101,3,7.8542,1.539550000000001,0,0.0
733,0,2,male,0.0,1,0.0,0.0,0,13.0,-13.0,0,0.0
734,0,2,male,13.0,1,13.0,2.6390573296152584,1,13.0,0.0,0,0.0
735,0,2,male,13.0,1,13.0,2.6390573296152584,1,13.0,0.0,0,0.0
736,0,3,male,16.1,2,8.05,2.2027647577118348,2,7.8542,0.19580000000000108,0,0.0
737,0,3,female,34.375,4,8.59375,2.2611118447874707,3,7.8542,0.7395500000000004,0,0.0
738,1,1,male,512.3292,3,170.7764,5.146193631080405,3,35.25,135.5264,1,5.146193631080405
739,0,3,male,7.8958,1,7.8958,2.1855792552411137,2,7.8542,0.04160000000000075,0,0.0
740,0,3,male,7.8958,1,7.8958,2.1855792552411137,2,7.8542,0.04160000000000075,0,0.0
741,1,1,male,30.0,1,30.0,3.4339872044851463,1,35.25,-5.25,1,3.4339872044851463
742,0,1,male,78.85,2,39.425,3.6994484054631704,2,35.25,4.174999999999997,1,3.6994484054631704
743,1,1,female,262.375,2,131.1875,4.884221369240597,3,35.25,95.9375,1,4.884221369240597
744,0,3,male,16.1,1,16.1,2.8390784635086144,3,7.8542,8.245800000000003,0,0.0
745,1,3,male,7.925,1,7.925,2.188856327665703,2,7.8542,0.0708000000000002,0,0.0
746,0,1,male,71.0,2,35.5,3.597312260588446,2,35.25,0.25,1,3.597312260588446
747,0,3,male,20.25,2,10.125,2.409194828052304,3,7.8542,2.2708000000000004,0,0.0
748,1,2,female,13.0,1,13.0,2.6390573296152584,1,13.0,0.0,0,0.0
749,0,1,male,53.1,1,53.1,3.9908341858524357,3,35.25,17.85,1,3.9908341858524357
750,0,3,male,7.75,1,7.75,2.169053700369523,1,7.8542,-0.10419999999999963,0,0.0
751,1,2,female,23.0,1,23.0,3.1780538303479458,3,13.0,10.0,0,0.0
752,1,3,male,12.475,2,6.2375,1.9792758428991135,0,7.8542,-1.6166999999999998,1,1.9792758428991135
753,0,3,male,9.5,1,9.5,2.3513752571634776,3,7.8542,1.6458000000000004,0,0.0
754,0,3,male,7.8958,1,7.8958,2.1855792552411137,2,7.8542,0.04160000000000075,0,0.0
755,1,2,female,65.0,2,32.5,3.5115454388310208,3,13.0,19.5,0,0.0
756,1,2,male,14.5,2,7.25,2.1102132003465894,0,13.0,-5.75,0,0.0
757,0,3,male,7.7958,1,7.7958,2.174274334826008,1,7.8542,-0.058399999999999785,0,0.0
758,0,2,male,11.5,1,11.5,2.5257286443082556,1,13.0,-1.5,0,0.0
759,0,3,male,8.05,1,8.05,2.2027647577118348,2,7.8542,0.19580000000000108,0,0.0
760,1,1,female,86.5,3,28.833333333333332,3.3956263366127,1,35.25,-6.416666666666668,1,3.3956263366127
761,0,3,male,14.5,2,7.25,2.1102132003465894,0,7.8542,-0.6041999999999996,0,0.0
762,0,3,male,7.125,1,7.125,2.094945728215801,0,7.8542,-0.7291999999999996,0,0.0
763,1,3,male,7.2292,1,7.2292,2.1076888046179385,0,7.8542,-0.625,0,0.0
764,1,1,female,120.0,4,30.0,3.4339872044851463,1,35.25,-5.25,1,3.4339872044851463
765,0,3,male,7.775,1,7.775,2.1719067693519296,1,7.8542,-0.07919999999999927,0,0.0
766,1,1,female,77.9583,3,25.986099999999997,3.2953219186268687,0,35.25,-9.263900000000003,1,3.2953219186268687
767,0,1,male,39.6,1,39.6,3.703768066607687,2,35.25,4.350000000000001,0,0.0
768,0,3,female,7.75,1,7.75,2.169053700369523,1,7.8542,-0.10419999999999963,0,0.0
769,0,3,male,24.15,3,8.049999999999999,2.2027647577118348,2,7.8542,0.1957999999999993,0,0.0
770,0,3,male,8.3625,1,8.3625,2.236712348843338,3,7.8542,0.5083000000000011,0,0.0
771,0,3,male,9.5,1,9.5,2.3513752571634776,3,7.8542,1.6458000000000004,0,0.0
772,0,3,male,7.8542,1,7.8542,2.180891922715322,1,7.8542,0.0,0,0.0
773,0,2,female,10.5,2,5.25,1.8325814637483102,0,13.0,-7.75,1,1.8325814637483102
774,0,3,male,7.225,1,7.225,2.1071782966514356,0,7.8542,-0.6292,0,0.0
775,1,2,female,23.0,1,23.0,3.1780538303479458,3,13.0,10.0,0,0.0
776,0,3,male,7.75,1,7.75,2.169053700369523,1,7.8542,-0.10419999999999963,0,0.0
777,0,3,male,7.75,1,7.75,2.169053700369523,1,7.8542,-0.10419999999999963,1,2.169053700369523
778,1,3,female,12.475,2,6.2375,1.9792758428991135,0,7.8542,-1.6166999999999998,0,0.0
779,0,3,male,7.7375,1,7.7375,2.1676241075599285,1,7.8542,-0.1166999999999998,0,0.0
780,1,1,female,211.3375,3,70.44583333333334,4.2689395868368605,3,35.25,35.19583333333334,1,4.2689395868368605
781,1,3,female,7.2292,1,7.2292,2.1076888046179385,0,7.8542,-0.625,0,0.0
782,1,1,female,57.0,2,28.5,3.3843902633457743,1,35.25,-6.75,1,3.3843902633457743
783,0,1,male,30.0,1,30.0,3.4339872044851463,1,35.25,-5.25,1,3.4339872044851463
784,0,3,male,23.45,2,11.725,2.5435685624365862,3,7.8542,3.8708,0,0.0
785,0,3,male,7.05,1,7.05,2.0856720914304723,0,7.8542,-0.8041999999999998,0,0.0
786,0,3,male,7.25,1,7.25,2.1102132003465894,0,7.8542,-0.6041999999999996,0,0.0
787,1,3,female,7.4958,1,7.4958,2.139571923732859,1,7.8542,-0.3583999999999996,0,0.0
788,0,3,male,29.125,5,5.825,1.9205923410710235,0,7.8542,-2.0291999999999994,0,0.0
789,1,3,male,20.575,2,10.2875,2.4236959187431037,3,7.8542,2.4333,0,0.0
790,0,1,male,79.2,2,39.6,3.703768066607687,2,35.25,4.350000000000001,1,3.703768066607687
791,0,3,male,7.75,1,7.75,2.169053700369523,1,7.8542,-0.10419999999999963,0,0.0
792,0,2,male,26.0,2,13.0,2.6390573296152584,1,13.0,0.0,0,0.0
793,0,3,female,69.55,7,9.935714285714285,2.3920339730483793,3,7.8542,2.0815142857142854,0,0.0
794,0,1,male,30.6958,1,30.6958,3.4561841799918147,1,35.25,-4.554200000000002,0,0.0
795,0,3,male,7.8958,1,7.8958,2.1855792552411137,2,7.8542,0.04160000000000075,0,0.0
796,0,2,male,13.0,1,13.0,2.6390573296152584,1,13.0,0.0,0,0.0
797,1,1,female,25.9292,1,25.9292,3.2932111997353943,0,35.25,-9.320799999999998,1,3.2932111997353943
798,1,3,female,8.6833,1,8.6833,2.270402752283094,3,7.8542,0.8290999999999995,0,0.0
799,0,3,male,7.2292,1,7.2292,2.1076888046179385,0,7.8542,-0.625,0,0.0
800,0,3,female,24.15,3,8.049999999999999,2.2027647577118348,2,7.8542,0.1957999999999993,0,0.0
801,0,2,male,13.0,2,6.5,2.0149030205422647,0,13.0,-6.5,0,0.0
802,1,2,female,26.25,3,8.75,2.277267285009756,0,13.0,-4.25,0,0.0
803,1,1,male,120.0,4,30.0,3.4339872044851463,1,35.25,-5.25,1,3.4339872044851463
804,1,3,male,8.5167,1,8.5167,2.2530481500547457,3,7.8542,0.6625000000000005,0,0.0
805,1,3,male,6.975,1,6.975,2.076311648670908,0,7.8542,-0.8792,0,0.0
806,0,3,male,7.775,1,7.775,2.1719067693519296,1,7.8542,-0.07919999999999927,0,0.0
807,0,1,male,0.0,1,0.0,0.0,0,35.25,-35.25,1,0.0
808,0,3,female,7.775,1,7.775,2.1719067693519296,1,7.8542,-0.07919999999999927,0,0.0
809,0,2,male,13.0,1,13.0,2.6390573296152584,1,13.0,0.0,0,0.0
810,1,1,female,53.1,2,26.55,3.3160025355989236,0,35.25,-8.7,1,3.3160025355989236
811,0,3,male,7.8875,1,7.8875,2.184645795129359,2,7.8542,0.03330000000000055,0,0.0
812,0,3,male,24.15,2,12.075,2.5707020099509865,3,7.8542,4.2208,0,0.0
813,0,2,male,10.5,1,10.5,2.4423470353692043,0,13.0,-2.5,0,0.0
814,0,3,female,31.275,7,4.4678571428571425,1.698886792488434,0,7.8542,-3.386342857142857,0,0.0
815,0,3,male,8.05,1,8.05,2.2027647577118348,2,7.8542,0.19580000000000108,0,0.0
816,0,1,male,0.0,1,0.0,0.0,0,35.25,-35.25,1,0.0
817,0,3,female,7.925,1,7.925,2.188856327665703,2,7.8542,0.0708000000000002,0,0.0
818,0,2,male,37.0042,2,18.5021,2.9705221520789933,3,13.0,5.502099999999999,0,0.0
819,0,3,male,6.45,1,6.45,2.0082140323914683,0,7.8542,-1.4041999999999994,0,0.0
820,0,3,male,27.9,6,4.6499999999999995,1.7316555451583495,0,7.8542,-3.2042,0,0.0
821,1,1,female,93.5,2,46.75,3.865979066926739,2,35.25,11.5,1,3.865979066926739
822,1,3,male,8.6625,1,8.6625,2.2682524139135403,3,7.8542,0.8083,0,0.0
823,0,1,male,0.0,1,0.0,0.0,0,35.25,-35.25,0,0.0
824,1,3,female,12.475,2,6.2375,1.9792758428991135,0,7.8542,-1.6166999999999998,1,1.9792758428991135
825,0,3,male,39.6875,6,6.614583333333333,2.0300652682819424,0,7.8542,-1.2396166666666666,0,0.0
826,0,3,male,6.95,1,6.95,2.0731719286662407,0,7.8542,-0.9041999999999994,0,0.0
827,0,3,male,56.4958,7,8.070828571428573,2.2050636129235883,3,7.8542,0.21662857142857295,0,0.0
828,1,2,male,37.0042,2,18.5021,2.9705221520789933,3,13.0,5.502099999999999,0,0.0
829,1,3,male,7.75,1,7.75,2.169053700369523,1,7.8542,-0.10419999999999963,0,0.0
830,1,1,female,80.0,2,40.0,3.713572066704308,2,35.25,4.75,1,3.713572066704308
831,1,3,female,14.4542,2,7.2271,2.107433583211985,0,7.8542,-0.6270999999999995,0,0.0
832,1,2,male,18.75,3,6.25,1.9810014688665833,0,13.0,-6.75,0,0.0
833,0,3,male,7.2292,1,7.2292,2.1076888046179385,0,7.8542,-0.625,0,0.0
834,0,3,male,7.8542,1,7.8542,2.180891922715322,1,7.8542,0.0,0,0.0
835,0,3,male,8.3,1,8.3,2.2300144001592104,3,7.8542,0.4458000000000011,0,0.0
836,1,1,female,83.1583,1,83.1583,4.432699549165613,3,35.25,47.9083,1,4.432699549165613
837,0,3,male,8.6625,1,8.6625,2.2682524139135403,3,7.8542,0.8083,0,0.0
838,0,3,male,8.05,1,8.05,2.2027647577118348,2,7.8542,0.19580000000000108,0,0.0
839,1,3,male,56.4958,7,8.070828571428573,2.2050636129235883,3,7.8542,0.21662857142857295,0,0.0
840,1,1,male,29.7,1,29.7,3.4242626545931514,1,35.25,-5.550000000000001,1,3.4242626545931514
841,0,3,male,7.925,1,7.925,2.188856327665703,2,7.8542,0.0708000000000002,0,0.0
842,0,2,male,10.5,2,5.25,1.8325814637483102,0,13.0,-7.75,0,0.0
843,1,1,female,31.0,2,15.5,2.803360380906535,0,35.25,-19.75,0,0.0
844,0,3,male,6.4375,1,6.4375,2.006534770871748,0,7.8542,-1.4166999999999996,0,0.0
845,0,3,male,8.6625,1,8.6625,2.2682524139135403,3,7.8542,0.8083,0,0.0
846,0,3,male,7.55,1,7.55,2.145931282948669,1,7.8542,-0.3041999999999998,0,0.0
847,0,3,male,69.55,7,9.935714285714285,2.3920339730483793,3,7.8542,2.0815142857142854,0,0.0
848,0,3,male,7.8958,1,7.8958,2.1855792552411137,2,7.8542,0.04160000000000075,0,0.0
849,0,2,male,33.0,3,11.0,2.4849066497880004,1,13.0,-2.0,0,0.0
850,1,1,female,89.1042,2,44.5521,3.8188567258265635,2,35.25,9.302100000000003,1,3.8188567258265635
851,0,3,male,31.275,7,4.4678571428571425,1.698886792488434,0,7.8542,-3.386342857142857,0,0.0
852,0,3,male,7.775,1,7.775,2.1719067693519296,1,7.8542,-0.07919999999999927,0,0.0
853,0,3,female,15.2458,2,7.6229,2.15442145501091,1,7.8542,-0.23130000000000006,0,0.0
854,1,1,female,39.4,1,39.4,3.6988297849671046,2,35.25,4.149999999999999,1,3.6988297849671046
855,0,2,female,26.0,2,13.0,2.6390573296152584,1,13.0,0.0,0,0.0
856,1,3,female,9.35,1,9.35,2.336986519711378,3,7.8542,1.4958,0,0.0
857,1,1,female,164.8667,2,82.43335,4.4240481095298865,3,35.25,47.183350000000004,0,0.0
858,1,1,male,26.55,1,26.55,3.3160025355989236,0,35.25,-8.7,1,3.3160025355989236
859,1,3,female,19.2583,4,4.814575,1.7603676964552861,0,7.8542,-3.039625,0,0.0
860,0,3,male,7.2292,1,7.2292,2.1076888046179385,0,7.8542,-0.625,0,0.0
861,0,3,male,14.1083,1,14.1083,2.7152442616824506,3,7.8542,6.2541,0,0.0
862,0,2,male,11.5,1,11.5,2.5257286443082556,1,13.0,-1.5,0,0.0
863,1,1,female,25.9292,1,25.9292,3.2932111997353943,0,35.25,-9.320799999999998,1,3.2932111997353943
864,0,3,female,69.55,7,9.935714285714285,2.3920339730483793,3,7.8542,2.0815142857142854,0,0.0
865,0,2,male,13.0,1,13.0,2.6390573296152584,1,13.0,0.0,0,0.0
866,1,2,female,13.0,1,13.0,2.6390573296152584,1,13.0,0.0,0,0.0
867,1,2,female,13.8583,1,13.8583,2.698558631668595,2,13.0,0.8582999999999998,0,0.0
868,0,1,male,50.4958,1,50.4958,3.941500250945973,2,35.25,15.245800000000003,1,3.941500250945973
869,0,3,male,9.5,1,9.5,2.3513752571634776,3,7.8542,1.6458000000000004,0,0.0
870,1,3,male,11.1333,3,3.7111,1.5499214264083454,0,7.8542,-4.1431,0,0.0
871,0,3,male,7.8958,1,7.8958,2.1855792552411137,2,7.8542,0.04160000000000075,0,0.0
872,1,1,female,52.5542,2,26.2771,3.306047522339149,0,35.25,-8.9729,1,3.306047522339149
873,0,1,male,5.0,1,5.0,1.791759469228055,0,35.25,-30.25,1,1.791759469228055
874,0,3,male,9.0,1,9.0,2.302585092994046,3,7.8542,1.1458000000000004,0,0.0
875,1,2,female,24.0,2,12.0,2.5649493574615367,1,13.0,-1.0,0,0.0
876,1,3,female,7.225,1,7.225,2.1071782966514356,0,7.8542,-0.6292,0,0.0
877,0,3,male,9.8458,2,4.9229,1.7788261938161558,0,7.8542,-2.9312999999999994,0,0.0
878,0,3,male,7.8958,1,7.8958,2.1855792552411137,2,7.8542,0.04160000000000075,0,0.0
879,0,3,male,7.8958,1,7.8958,2.1855792552411137,2,7.8542,0.04160000000000075,0,0.0
880,1,1,female,83.1583,2,41.57915,3.7513646968424084,2,35.25,6.3291499999999985,1,3.7513646968424084
881,1,2,female,26.0,2,13.0,2.6390573296152584,1,13.0,0.0,0,0.0
882,0,3,male,7.8958,1,7.8958,2.1855792552411137,2,7.8542,0.04160000000000075,0,0.0
883,0,3,female,10.5167,1,10.5167,2.4437981558973862,3,7.8542,2.6625000000000005,0,0.0
884,0,2,male,10.5,1,10.5,2.4423470353692043,0,13.0,-2.5,0,0.0
885,0,3,male,7.05,1,7.05,2.0856720914304723,0,7.8542,-0.8041999999999998,0,0.0
886,0,3,female,29.125,5,5.825,1.9205923410710235,0,7.8542,-2.0291999999999994,0,0.0
887,0,2,male,13.0,1,13.0,2.6390573296152584,1,13.0,0.0,0,0.0
888,1,1,female,30.0,1,30.0,3.4339872044851463,1,35.25,-5.25,1,3.4339872044851463
889,0,3,female,23.45,2,11.725,2.5435685624365862,3,7.8542,3.8708,0,0.0
890,1,1,male,30.0,1,30.0,3.4339872044851463,1,35.25,-5.25,1,3.4339872044851463
891,0,3,male,7.75,1,7.75,2.169053700369523,1,7.8542,-0.10419999999999963,0,0.0
